Internal_ID;Short_title;Article_code;EAN;SKU;NL_Geschikt_voor;NL_Resolutie;NL_Helderheid;NL_Contrast;NL_Projectieverhouding_Throw_Ratio;NL_Projectietechnologie;NL_Branduren_gemiddeld;NL_Keystone_Opties;NL_Smart_functies;NL_Beeldverhouding_Aspect_Ratio;NL_Connectiviteit;NL_Input_Lag;NL_Geluidsniveau;NL_WIFI;NL_Afmetingen;NL_Minimale_Schermgrootte_Diagonaal;NL_Maximale_Schermgrootte_Diagonaal;NL_Gewicht;NL_Garantie;NL_plus;NL_min
108626710;"Epson EH-TW7000 - 4K - 3000 Lumen";8715946670867;8715946670867;EPS-V11H961040;"Home Cinema & Gamen";"3840 x 2160    4K UHD";"3000 Lumen";"40.000:1 dynamisch";"1.32 – 2.15:1";3LCD;"3.500 uur / 5.000 uur Eco";"Horizontaal ±30° / Verticaal ±30°";Nee;16:9;"2x HDMI, 2x USB-A, Mini USB-B, 3,5 mm audio-uitgang, RS232C, Bluetooth";-;32dB;Nee;"410 × 310 × 157 mm";"70 inch";"500 inch";"6,6 Kg";"24 Maanden";"Projecteer een indrukwekkend beeld tot 500 inch";"Geen ingebouwde smart functies, eenvoudig uit te breiden met een Google TV of mediaspeler"
109184711;"Optoma UHZ65UST";5055387663596;5055387663596;000000000004513589;"Home Cinema & Gamen";"3840 x 2160    4K UHD";"3500 ANSI Lumen";"2500000:1 ";;;;;;;;;28dB;Nee;"57x38x13 cm";;;11Kg;"36 Maanden";"Ingebouwde NuForce soundbar met DolbyDigital 2.0";"Vrij zwaar"
110660878;"Epson EB-1780W - WXGA - 3200 Lumen";8715946629919;8715946629919;EPS-V11H795040;"Kantoor & Onderweg";"1280 x 800 WXGA";"3000 ANSI Lumen";"10000:1 ";;;;;;;;;32dB;Nee;"29x21x04 cm";;;4,6Kg;;"Overdag goed beeld";"Geen 3D"
115374119;"ViewSonic X10-4K";766907999419;766907999419;;"Home Cinema";"3840 x 2160    4K UHD";"2400 LED Lumen";"3000000:1 ";;;;;;;;;30dB;Ja;;;;6,5Kg;"36 Maanden";"Strak design";"Wel Android maar geen Iphone kabel meegeleverd"
118086844;"Epson EH-TW7100 - 4K - 3000 Lumen";5436310;8715946670843;5436310;"Home Cinema & Gamen";;"3000 ANSI Lumen";"100000:1 ";;;;;;;;;32dB;Nee;"41x31x16 cm";;;6,6Kg;"60 Maanden";3LCD-technologie;"Geen native 4K"
118087560;"Epson EB-W51 - WXGA - 4000 Lumen";8715946680705;8715946680705;;"Kantoor & School";"1280 x 800 WXGA";"4000 ANSI Lumen";"16000:1 ";;;;;;;;;37dB;Nee;"30x23x08 cm";;;2,5Kg;;"Lange levensduur (12.000 uur)";"Speakers niet toereikend voor grote zalen"
118088134;"Epson EH-TW740";8715946680811;8715946680811;A101830;;"1920 x 1080 FULL HD";"3300 ANSI Lumen";"16000:1 ";;;;;;;;;37dB;Nee;"30x25x09 cm";;;2,8Kg;;"Keystone correctie";"Wifi via dongle of chromecast"
118088604;"Epson EH-TW5820";8715946686677;8715946686677;A101828;;"1920 x 1080 FULL HD";"2700 ANSI Lumen";"70000:1 ";;;;;;;;;36dB;;"31x31x12 cm";;;3,8Kg;;"Ingebouwde speakers";"Geen HDMI kabel meegeleverd"
118088933;"Epson EF-11";8715946689005;8715946689005;;"Home Cinema & Onderweg";"1920 x 1080 FULL HD";"1000 ANSI Lumen";"2500000:1 ";;;;;;;;;27dB;;"17x17x06 cm";;;1,2Kg;;"Klein en compact";"Overdag minder goed "
132661184;"Epson EH-LS12000B - 4K - 2700 Lumen";LS11000W-Zwart;8715946700731;EPS-V11HA47040;"Home Cinema & Gamen";"3840 x 2160    4K UHD";"2700 ANSI Lumen";"2500000:1 ";;;;;;;;;25dB;Nee;"52x45x20 cm";;;12,7Kg;"36 Maanden";"Frame interpolation, 4K Super Resolution & ondersteuning voor HDR10+";"Vrij zwaar (12,7kg)"
136674334;"Optoma H190X - HD Ready - Home Cinema Beamer";5055387664845;5055387664845;6293719;"Home Cinema & Gamen";"1280 x 800 WXGA";"3900 ANSI Lumen";"30.000:1 ";;;;;;;;;28dB;"Nee (middels dongle)";"34x21x11 cm";;;3,8Kg;"24 Maanden";"Eenvoudig mee te nemen";"Geen FULL HD"
138041937;"Epson - EH-LS800B - 4K - 4000 lumen";LS800W-Zwart;8715946710440;EPS-V11HA90140;"Home Cinema & Smart TV";"3840 x 2160    4K UHD";"4000 ANSI Lumen";"2.500.000:1 ";;;;;;;;;26dB;Ja;"70x35x16 cm";;;12,2Kg;"60 Maanden";"Extreem dicht op de muur te plaatsen";Geen
138042654;"Epson EH-LS800W - 4K - 4000 Lumen - Laser";LS800W-Wit;8715946710433;" EPS-V11HA90040";"Home Cinema & Smart TV";"3840 x 2160    4K UHD";"4000 ANSI Lumen";"2.500.000:1 ";;;;;;;;;26dB;Ja;"70x35x16 cm";;;12,2Kg;"60 Maanden";"Extreem dicht op de muur te plaatsen";Geen
138043889;"Epson CO-W01 - WXGA - 3000 Lumen";8715946706849;8715946706849;EPS-V11HA86040;"Home Cinema & Onderweg";"1280 x 800 WXGA";"3000 ANSI Lumen";"50.000:1 ";;;;;;;;;33dB;"Nee (middels dongle)";"30x22x09 cm";;;2,4Kg;"36 Maanden";"Snel opzetten en meenemen";"Geen FULL HD"
138044461;"Epson CO-FH02 - FHD - 3000 Lumen";8715946706832;8715946706832;EPS-V11HA85040;"Home Cinema & Onderweg";"1920 x 1080 FULL HD";"3000 ANSI Lumen";"50.000:1 ";;;;;;;;;33dB;"Nee (middels dongle)";"32x22x09 cm";;;2,4Kg;"36 Maanden";"Snel opzetten en meenemen";"Geen HDMI kabel meegeleverd"
138728646;"Optoma UHD35STx ";5055387666443;5055387666443;7773856;"Home Cinema & Gamen";"3840 x 2160    4K UHD";"3600 ANSI Lumen";"1000000:1 ";0.50:1;DLP;15.000;"Horizontale en verticale keystone";⛔;16:9;"Inputs 2 x HDMI 2.0 Outputs 1 x Audio 3.5mm, 1 x S/PDIF, 1 x USB-A power 1.5A Control 1 x RS232, 1 x 12V trigger";"4,2 ms";26dB;"Nee (middels dongle)";"31x27x12 cm";;;3,9Kg;"24 Maanden";"Short Throw Model";"Geen HDMI kabel meegeleverd"
140777177;"Viewsonic LS920WU";766907008715;766907008715;;"Grote zalen en Lichte ruimtes";"1920 x 1200  WUXGA";"6000 ANSI Lumen";"3.000.000:1 ";1.36-2.18;Laser;20.000;"Keystone: H:+/-40° , V:+/-40° Lensverschuiving V. Bereik: +50%, -50% Lensverschuiving H. bereik: +23%, -23%";⛔;16:10;"12-Volt Trigger. Audio In: Mini Jack. Audio In: RCA. Audio Out: Mini Jack. Composite: RCA. HDBaseT: RJ-45. HDMI (HDCP 2.2) x 2. Network: RJ-45.";"16 ms";26dB;"Nee (middels dongle)";"40x30x15 cm";;;6,5Kg;"36 Maanden";"Slimme investering op lange termijn";"Geen dongle meegeleverd"
140788898;"Sony VPL-XW5000 B";XW5000-Zwart;4548736132900;;"High End Home Cinema";"3840 x 2160  Native 4K UHD";"2000 ANSI Lumen";"Oneindig:1 ";"1.38:1 - 2.21:1";Laser;20.000;" lens shift. Manual, Vertical +/- 71%, Horizontal +/- 25%. Hardware. Projection lens zoom / focus. Manual (Approx. x1.60)";⛔;16:9;"HDMI 2 inputs (HDCP 2.3), Digital (RGB/Y Pb/CbPr/Cr) TRIGGER Mini jack, DC 12V Max.100 mA REMOTE RS-232C, D-sub 9-pin (male) LAN RJ45, 10BASE-T/100BASE-TX IR IN Mini jack USB Type A, DC 5 V, Max. 500 mA";"21 ms";21dB;Ja;"47x46x20 cm";;;13Kg;"36 Maanden";"IMAX Enhanced";"Vrij zwaar (12,7kg)"
140791738;"Sony VPL-XW5000 W";"XW5000- Wit";4548736132917;10445470;"High End Home Cinema";"3840 x 2160  Native 4K UHD";"2000 ANSI Lumen";"Oneindig:1 ";"1.38:1 - 2.21:1 ";Laser;20.000;" lens shift. Manual, Vertical +/- 71%, Horizontal +/- 25%. Hardware. Projection lens zoom / focus. Manual (Approx. x1.60)";⛔;16:9;"HDMI 2 inputs (HDCP 2.3), Digital (RGB/Y Pb/CbPr/Cr) TRIGGER Mini jack, DC 12V Max.100 mA REMOTE RS-232C, D-sub 9-pin (male) LAN RJ45, 10BASE-T/100BASE-TX IR IN Mini jack USB Type A, DC 5 V, Max. 500 mA";"21 ms";21dB;Ja;"47x46x20 cm";;;13Kg;"36 Maanden";"IMAX Enhanced";"Vrij zwaar (12,7kg)"
140799041;"Sony VPL-XW7000 B ";4548736132887;4548736132887;;"High End Home Cinema";"3840 x 2160  Native 4K UHD";"3200 ANSI Lumen";"Oneindig:1 ";"1.35:1 - 2.84:1 ";Laser;20.000;"Lens Shift -85% / +85% - 2,1 x Zoom";⛔;16:9;"12-Volt Trigger HDMI 2.3 (HDCP) x 2 Network: RJ-45 RS232: DB-9pin USB";"21 ms";21dB;Ja;"47x46x20 cm";;;14Kg;"36 Maanden";"IMAX Enhanced";"Vrij zwaar (14kg)"
140799216;"Sony VPL-XW7000 W";4548736132894;4548736132894;;"High End Home Cinema";"3840 x 2160  Native 4K UHD";"3200 ANSI Lumen";"Oneindig:1 ";"1.35:1 - 2.84:1 ";Laser;20.000;"Lens Shift -85% / +85% - 2,1 x Zoom";⛔;16:9;"12-Volt Trigger HDMI 2.3 (HDCP) x 2 Network: RJ-45 RS232: DB-9pin USB";"21 ms";21dB;Ja;"47x46x20 cm";;;14Kg;"36 Maanden";"IMAX Enhanced";"Vrij zwaar (12,7kg)"
141893477;"Epson EB-FH06 - FHD";8715946680576;8715946680576;;"Home Cinema & Onderweg";"1920 x 1080 FULL HD";"3500 ANSI Lumen";"16.000:1 ";"1,22 - 1,47 :1";3LCD;12.000;"Horizontaal 30 °,  Verticaal 30 °.";⛔;16:9;"USB 2.0-A, USB 2.0, Wireless LAN IEEE 802.11b/g/n (optional), VGA in, HDMI in (2x), Composite in";"5 ms";28dB;"Nee (middels dongle)";"30x25x9 cm";;;27,Kg;"24 Maanden";"Lange levensduur (10.000 uur)";"Extern geluid noodzakelijk"
142051549;"Optoma ZW350E - WXGA - 4000 lumen - Laser Projector";5055387666382;5055387666382;7862045;"Kantoor & School";"1280 x 800 WXGA";"4000 ANSI Lumen";"2.000.000:1 ";"1.54:1 ~ 1.72:1";Laser;30.000;"1.1x zoom, automatische verticale keystone";⛔;16:10;"Inputs 2 x HDMI 1.4a 3D support. Outputs 1 x Audio 3.5mm, 1 x USB-A power 1.5A. Control 1 x RS232.";"4,2 ms";31dB;"Nee (middels dongle)";"27x22x11 cm";;;4,2Kg;"24 Maanden";"Laser lichtbron met lange levensduur (20.000 uur)";"Geen dongle meegeleverd"
142082145;"JVC DLA-NP5 Zwart";jvcnp5-Zwart;4975769457159;;"Home Cinema & Gamen";"4096 x 2160 Native 4K";"1900 ANSI Lumen";"400.000:1 ";"1.43 - 2.94:1";D-ILA;15.000;"Horizontaal 40 °,  Verticaal 40 °. Vertical Lens Shift (-50%, +50%)";⛔;16:9;"2 HDMI 2.1 48 Gbps, 3D, Deep Color, HDCP 2.3 sockets, 1 USB Type A (for firmware update only), 1 RS232C connector, 1 LAN socket and 1 Sync. 3D (3-pin mini DIN).";"33 ms";24dB;"Nee (middels dongle)";"50x49x23 cm";;;19,2Kg;"24 Maanden";"Diepe zwartwaarden ";"Met 19Kg vrij zwaar te noemen"
142186129;"JVC DLA-NP5 Wit";jvcnp5-Wit;4975769021985;;"Home Cinema & Gamen";"4096 x 2160 Native 4K";"1900 ANSI Lumen";"400.000:1 ";"1.43 - 2.94:1";D-ILA;15.000;"Horizontaal 40 °,  Verticaal 40 °. Vertical Lens Shift (-50%, +50%)";⛔;16:9;"2 HDMI 2.1 48 Gbps, 3D, Deep Color, HDCP 2.3 sockets, 1 USB Type A (for firmware update only), 1 RS232C connector, 1 LAN socket and 1 Sync. 3D (3-pin mini DIN).";"33 ms";24dB;"Nee (middels dongle)";"50x49x23 cm";;;19,2Kg;"24 Maanden";"Diepe zwartwaarden ";"Met 19Kg vrij zwaar te noemen"
142190181;"JVC DLA-NZ7";4975769021961;4975769021961;;"Home Cinema & Gamen";"7680 x 4320      8K UHD";"2200 ANSI Lumen";"Oneindig :1";" 1.35-2.75:1";Laser;30.000;"Horizontaal 40 °,  Verticaal 40 °. Vertical Lens Shift (-50%, +50%)";⛔;16:9;"HDMI 2.1/HDCP 2.3 inputs (x2, 48 Gbps) 3D sync output (Mini Din 3-pin) 12v DC/100ma trigger output (3.5 mm) RS-232C control (D-sub 9-pin) USB-A (service only) LAN control (RJ-45)";"27 ms";24dB;"Nee (middels Dongle of Chromecast)";"50x50x24 cm";;;22,5Kg;"36 Maanden";"Ondersteund 8K60p en 4K120p ingangssignalen";"Aan/uit-schakeltijd duurt iets langer "
142217459;"JVC DLA-NZ800";4975769021954;4975769021954;;"Home Cinema & Gamen";"7680 x 4320      8K UHD";"2700 ANSI Lumen";"Oneindig :1";1.43-2.92:1;Laser;30.000;"Horizontaal 40 °,  Verticaal 40 °. Vertical Lens Shift (-50%, +50%)";⛔;16:9;"two HDMI 2.1 inputs both inputs accept 8K/60p and 4K/120p signals both inputs are HDCP 2.3 compatible use an HDMI 2.1 cable to ensure the best possible picture quality does not support CEC (remote control via HDMI) RJ-45 LAN port for controlling the proje";"33 ms";24dB;"Nee (middels Dongle of Chromecast)";"50x50x24 cm";;;23,1Kg;"36 Maanden";"Auto-Calibration Function via een optical sensor";"Aan/uit-schakeltijd duurt iets langer "
142246957;"JVC DLA-NZ900";4975769021947;4975769021947;;"Home Cinema & Gamen";"7680 x 4320      8K UHD";"3300 ANSI Lumen";"Oneindig :1";"1.35 - 2.75:1";Laser;30.000;"Horizontaal 40 °,  Verticaal 40 °. Vertical Lens Shift (-50%, +50%)";⛔;16:9;"HDMI Inputs	2 (48Gbps / 8K60p / 4K120p / HDCP 2.3) USB Ports	1 (USB type A for firmware updates) RS232 Connector	Yes Ethernet Port	Yes Triggers	1 (mini jack, DC12V/100mA)";"33 ms";24dB;"Nee (middels Dongle of Chromecast)";"50x50x24 cm";;;23,1Kg;"36 Maanden";"Auto-Calibration Function via een optical sensor";"Vrij zwaar (30,7kg)"
142247563;"JVC LX-NZ30 Zwart";NZ30-Zwart;4975769475566;;"Home Cinema & Gamen";"3840 x 2160    4K UHD";"3300 ANSI Lumen";"∞:1 (Dynamisch contrast ratio)";"1.36 - 2.17:1";Laser;20.000;"Horizontaal 40 °,  Verticaal 40 °.";⛔;16:9;"2 HDMI 2.0 inputs. DisplayPort 1.2a input allows direct connection from a compatible PC. USB-A port for service only. USB-C supports USB Direct Connect. 9-pin RS-232C port for external control of the projector via compatible computer or third-party contro";"25 ms";29dB;"Nee (middels Dongle of Chromecast)";"40x34x15 cm";;;5,9Kg;"24 Maanden";"Lens Shift +/-60% verticaal & +/-23% horizontaal";"Geen HDMI kabel meegeleverd"
142292050;"JVC LX-NZ30 Wit";NZ30-Wit;4975769475573;;"Home Cinema & Gamen";"3840 x 2160    4K UHD";"3300 ANSI Lumen";"∞:1 (Dynamisch contrast ratio)";"1.36 - 2.17:1";Laser;20.000;"Horizontaal 40 °,  Verticaal 40 °.";⛔;16:9;"2 HDMI 2.0 inputs. DisplayPort 1.2a input allows direct connection from a compatible PC. USB-A port for service only. USB-C supports USB Direct Connect. 9-pin RS-232C port for external control of the projector via compatible computer or third-party contro";"25 ms";29dB;"Nee (middels Dongle of Chromecast)";"40x34x15 cm";;;5,9Kg;"24 Maanden";"Lens Shift +/-60% verticaal & +/-23% horizontaal";"Geen HDMI kabel meegeleverd"
142302138;"Viewsonic X2-4K";766907019551;766907019551;;"Home Cinema & Gamen";"3840 x 2160    4K UHD";"2900 ANSI Lumen";"3.000.000:1 ";0.69-0.83:1;LED;30.000;"Horizontaal 40 °,  Verticaal 40 °.";✅;16:9;"HDMI: 2. (HDMI 2.0, HDCP 1.4/2.2) USB Type C: 1 (5V/1A) Audio-in (Bluetooth): 1 (BT4.2) USB Type A: 1. (USB2.0 Reader) Wifi Input: 1 (5Gn)";"33 ms";33dB;"Ja (Apps middels Dongle of Chromecast)";"35x25x12 cm";;;5,5Kg;"36 Maanden";"Lage input lag 4,2ms";"Geen HDMI kabel meegeleverd"
142381593;"Epson LightScene EV-110 - WXGA - 2200 Lumen";8715946689326;8715946689326;EPS-V11HA22040;"Winkels & Bedrijven";"1280 x 800 WXGA";"2200 ANSI Lumen";"20.000:1 ";"1.38 to 2.19:1";3LCD;20.000;"Horizontale en verticale keystone";⛔;16:10;"1x HDMI Audio, Video Input 1x 1/8"" / 3.5 mm Mini Audio Output 1x RJ45 (Ethernet) LAN 1x USB-A 2.0 Power Output 1x Mini-USB 2.0 Service Input";;34dB;Ja;"53x47x25 cm";;;5,0Kg;"60 Maanden";"Discreet model";"Geen HDMI kabel meegeleverd"
142472089;"Epson LightScene EV-115 - WXGA - 2200 Lumen";8715946689333;8715946689333;EPS-V11HA22140;"Winkels & Bedrijven";"1280 x 800 WXGA";"2200 ANSI Lumen";"20.000:1 ";"1.38 to 2.19:1";3LCD;20.000;"Horizontale en verticale keystone";⛔;16:10;"1x HDMI Audio, Video Input 1x 1/8"" / 3.5 mm Mini Audio Output 1x RJ45 (Ethernet) LAN 1x USB-A 2.0 Power Output 1x Mini-USB 2.0 Service Input";;34dB;Ja;"53x47x25 cm";;;5,0Kg;"60 Maanden";"Discreet model";"Geen HDMI kabel meegeleverd"
142557750;"Epson EB-800F - FHD - 5000 Lumen";eb800f-Wit;8715946688992;EPS-V11H923540;"Zakelijk gebruik";"1920 x 1080 FULL HD";"5000 ANSI Lumen";"2.500.000:1 ";0.27-0.37:1;3LCD;20.000;"Horizontale en verticale keystone";⛔;16:10;"HDBaseT, HDMI, VGA, RCA, USB-A, RS-232 and RJ45 LAN connectivity";;27dB;Ja;"45,8 x 37,5 x 21 cm";;;9,4Kg;"60 Maanden";"Ultra Short Throw lens voor grote projecties op korte afstand";"Geen HDMI kabel meegeleverd"
142559036;"Epson EB-805F - FHD - 5000 Lumen";eb800f-Zwart;8715946688695;EPS-V11H923640;"Zakelijk gebruik";"1920 x 1080 FULL HD";"5000 ANSI Lumen";"2.500.000:1 ";0.27-0.37:1;3LCD;20.000;"Horizontale en verticale keystone";⛔;16:10;"HDBaseT, HDMI, VGA, RCA, USB-A, RS-232 and RJ45 LAN connectivity";;27dB;Ja;"45,8 x 37,5 x 21 cm";;;9,4Kg;"60 Maanden";"Ultra Short Throw lens voor grote projecties op korte afstand";"Geen HDMI kabel meegeleverd"
142604090;"Epson EB-L520U - 4K - 5200 Lumen";EPS-V11HA30040;8715946695563;EPS-V11HA30040;"Zakelijk gebruik";"1920 x 1200  WUXGA";"5200 ANSI Lumen";"2.500.000:1 ";;;;;;;;;31dB;"Nee (middels Dongle of Chromecast)";"44x30x12 cm";;;7,7Kg;"36 Maanden";"Hoog aantal lumen voor overdag";"Geen HDMI kabel meegeleverd"
142621137;"Epson EB-L530U - 4K - 5200 Lumen";EPS-V11HA27040;8715946695334;EPS-V11HA27040;"Zakelijk gebruik";"1920 x 1200  WUXGA";"5200 ANSI Lumen";"2.500.000:1 ";"1.35:1 - 2.20:1";3LCD;20.000;"Horizontaal 30 °,  Verticaal 30 °.";⛔;16:10;"HDMI (HDCP 2.3) (2x) HDMI out HDBaseT VGA in (2x) VGA out (shared with VGA2-in) USB 2.0 Type A (2x) USB 2.0 Type B Stereo mini jack audio in (2x) Stereo mini jack audio out RJ-45 Ethernet Interface RS-232C Control Wireless LAN IEEE 802.11a/b/g/n/ac Wirele";"27 ms";31dB;Ja;"44x30x12 cm";;;7,7Kg;"36 Maanden";"Hoog aantal lumen voor overdag";"Geen HDMI kabel meegeleverd"
142715870;"Epson EB-L635SU - WUXGA - 6000 Lumen - Laser";EPS-V11HA29140;8715946695372;;"Grote zalen en Lichte ruimtes";"1920 x 1200  WUXGA";"6000 ANSI Lumen";"2.500.000:1 ";0.80:1;3LCD;30.000;"Horizontaal 40 °,  Verticaal 40 °. Vertical Lens Shift (-50%, +50%)";⛔;16:10;"USB 2.0 ports quantity. 2. HDBaseT port. Ethernet LAN (RJ-45) ports. 1. HDMI connector type. Full-size. Network. Wifi. Ethernet LAN. ";"27 ms";27dB;Ja;"44x34x14 cm";;;8,4Kg;"60 Maanden";"Ingebouwde WiFi, HDBaseT aansluiting en Daisy Chain";"Geen HDMI kabel meegeleverd"
142717029;"Epson EB-PU1008W - 4K - 8500 Lumen - Verwisselbare lens";8715946697291;8715946697291;;"Grote zalen en evenementen";"1920 x 1200  WUXGA";"8500 ANSI Lumen";"2.500.000:1 ";;;;;;;;;28dB;"Nee (middels Dongle of Chromecast)";"54,5 x 43,6 x 18,9 cm";;;"16,3 kg";"36 Maanden";"Verschillende lenzen te gebruiken";"Standaard geen lens meegeleverd"
142768196;"Epson EB-PU1008B (zonder lens)";;8715946697291;;"Grote zalen en evenementen";"1920 x 1200  WUXGA";"8500 ANSI Lumen";"2.500.000:1 ";"Hangt van lens af";3LCD;30.000;"Horizontale en verticale keystone";⛔;16:10;"Interfaces: USB 2.0 Type A (2x), USB 2.0 Type B (Service Only), RS-232C, Ethernet interface (100 Base-TX / 10 Base-T), Wireless LAN IEEE 802.11a/b/g/n (optional), VGA in, DVI in, HDBaseT, Stereo mini jack audio out, HDMI (HDCP 2.3) Network Protocol: HTTPS";;28dB;"Nee (middels Dongle of Chromecast)";"54,5 x 43,6 x 18,9 cm";;;"16,3 kg";"36 Maanden";"Verschillende lenzen te gebruiken";"Standaard geen lens meegeleverd"
142898785;"Epson EB-PU2120W (zonder lens) - WUXGA - 20000 Lumen - Laser";8715946703152;8715946703152;;"Grote zalen en evenementen";"1920 x 1200  WUXGA";"20.000 ANSI Lumen";"2.500.000:1 ";"Hangt van lens af";3LCD;30.000;"Horizontale en verticale keystone";⛔;16:10;"HDMI (HDCP 2.3); VGA in; DVI in; HDBaseT; USB 2.0 Type A (2x); USB 2.0 Type B (Service Only); Stereo mini jack audio out; RJ-45 Wired Network";;34dB;Ja;"58x49x22 cm";;;24,5Kg;"36 Maanden";"Extreem hoog aantal Lumen (20.000)";"Vrij zwaar (24,5kg)"
142971743;"Epson EB-PU2216B (Zonder lens) - 4K - 16000 Lumen - Laser";8715946703237;8715946703237;;"Evenementen en Projecten";"1920 x 1200  WUXGA";"16.000 ANSI Lumen";"2.500.000:1 ";"Hangt van lens af";3LCD;30.000;"Horizontale en verticale keystone, digitaal en analoog";⛔;16:10;"HDMI (HDCP 2.3); VGA in; DVI in; HDBaseT; USB 2.0 Type A (2x); USB 2.0 Type B (Service Only); Stereo mini jack audio out; RJ-45 Wired Network;";;38dB;Ja;"58x49x22 cm";;;24,3Kg;"36 Maanden";"Extreem hoog aantal Lumen (16.000)";"Vrij zwaar (24,3kg)"
143168303;"Epson EB-L770U - 4K - 7000 Lumen - Laser";EPS-V11HA96080;8715946712956;EPS-V11HA96080;"Zakelijk gebruik";"1920 x 1200  WUXGA 4KE";"7000 ANSI Lumen";"2.500.000:1 ";"1.35:1 - 2.20:1";3LCD;30.000;"Horizontaal 40 °,  Verticaal 40 °.";⛔;16:10;"Interfaces. USB 2.0-A, USB 2.0 Type B (Service Only), RS-232C, HDMI in (2x), HDMI out, HDBaseT, Jack plug out, Ethernet interface (100 Base-TX / 10 Base-T) Epson iProjection App. Ad-Hoc / Infrastructure. Network Protocol. HTTPS, IPv6, SNMP, PJLink.";"27 ms";31dB;Ja;"44x30x12 cm";;;7,7Kg;"36 Maanden";"Hoog aantal lumen voor overdag";"Geen HDMI kabel meegeleverd"
143168622;"Epson EB-L775U - 4K - 7000 Lumen - Laser";8715946712963;8715946712963;EPS-V11HA96180;"Zakelijk gebruik";"1920 x 1200  WUXGA 4KE";"7000 ANSI Lumen";"2.500.000:1 ";"1.35:1 - 2.20:1";3LCD;30.000;"Horizontaal 40 °,  Verticaal 40 °.";⛔;16:10;"Interfaces. USB 2.0-A, USB 2.0 Type B (Service Only), RS-232C, HDMI in (2x), HDMI out, HDBaseT, Jack plug out, Ethernet interface (100 Base-TX / 10 Base-T) Epson iProjection App. Ad-Hoc / Infrastructure. Network Protocol. HTTPS, IPv6, SNMP, PJLink.";"27 ms";31dB;Ja;"44x30x12 cm";;;7,7Kg;"36 Maanden";"Hoog aantal lumen voor overdag";"Geen HDMI kabel meegeleverd"
143215013;"Optoma ZH350ST - Full HD - 3500 ANSI - Short Throw Laser Projector";"zh400-3500 Shortthrow";5055387666795;8262050;"Kantoor, School en Thuis";"1920 x 1080 FULL HD";"3500 ANSI Lumen";"300.000:1 ";0.49:1;Laser;30.000;"Horizontaal 30 °,  Verticaal 30 °.";⛔;16:9;" Inputs 2 x HDMI 2.0. Outputs 1 x Audio 3.5mm, 1 x USB-A power 1.5A. Control 1 x RS232";"8,6 ms";32dB;"Nee (middels Dongle of Chromecast)";"76x22x11 cm";;;4,2Kg;"36 Maanden";"Volledig 3D";"Wifi via dongle of chromecast"
143739994;"Sony VPL-PHZ51";4548736142039;4548736142039;10445442;"Zakelijk gebruik";"1920 x 1200  WUXGA";"5300 ANSI Lumen";"∞:1 ";"1.23 - 1.97:1";Laser;30.000;"Horizontaal 30 °,  Verticaal 30 °.";⛔;16:10;" INPUT A RGB / Y PB PR input connector: Mini D-sub 15 pin (female) Audio input connector: Stereo mini jack INPUT B HDMI input connector: HDMI 19-pin, Digital RGB/Y PB PR, HDCP support Audio input connector: HDMI audio support INPUT C HDMI input connector:";"27 ms";28dB;"Nee (middels Dongle of Chromecast)";"42,2 x 33,8 x 12,9 cm";;;"6,8 Kg";"36 Maanden";"4K 60P input support";"Wifi via dongle of chromecast"
143744508;"Sony VPL-PHZ61";4548736142022;4548736142022;10445448;"Zakelijk gebruik";"1920 x 1200  WUXGA";"6400 ANSI Lumen";"∞:1 ";"1.23 - 1.97:1";Laser;30.000;"Horizontaal 30 °,  Verticaal 30 °.";⛔;16:10;" INPUT A RGB / Y PB PR input connector: Mini D-sub 15 pin (female) Audio input connector: Stereo mini jack INPUT B HDMI input connector: HDMI 19-pin, Digital RGB/Y PB PR, HDCP support Audio input connector: HDMI audio support INPUT C HDMI input connector:";"27 ms";28dB;"Nee (middels Dongle of Chromecast)";"42,2 x 33,8 x 12,9 cm";;;"6,8 Kg";"36 Maanden";"4K 60P input support";"Wifi via dongle of chromecast"
143744686;"Sony VPL-FHZ80";4548736132863;4548736132863;;"Grote zalen en evenementen";"1920 x 1200  WUXGA 4KE";"6000 ANSI Lumen";"∞:1 ";1.39-2.23:1;Laser;30.000;"Horizontaal 30 °,  Verticaal 30 °.";⛔;16:10;"Audio In: Mini Jack Audio Out: Mini Jack Composite: BNC DVI Digital Input HDMI Network: RJ-45 RS232: DB-9pin USB VGA In: Dsub-15pin VGA Out: Dsub-15pin";"27 ms";34dB;"Nee (middels Dongle of Chromecast)";"49x46x19 cm";;;"13 Kg";"36 Maanden";"Veelzijdige installatie mogelijkheden";"Geen HDMI kabel meegeleverd"
143745301;"Sony VPL-FHZ85";4548736132849;4548736132849;" 10445439";"Grote zalen en evenementen";"1920 x 1200  WUXGA 4KE";"7300 ANSI Lumen";"∞:1 ";" 1.39-2.23:1";Laser;30.000;"Horizontaal 30 °,  Verticaal 30 °.";⛔;16:10;"Audio In: Mini Jack Audio Out: Mini Jack Composite: BNC DVI Digital Input HDMI Network: RJ-45 RS232: DB-9pin USB VGA In: Dsub-15pin VGA Out: Dsub-15pin";"27 ms";34dB;"Nee (middels Dongle of Chromecast)";"49x46x19 cm";;;"13 Kg";"36 Maanden";"Veelzijdige installatie mogelijkheden";"Geen HDMI kabel meegeleverd"
144346734;"Optoma GT2000HDR - Full HD - 3500 lumen - Short Throw Laser Projector";5055387666986;5055387666986;8429066;"Home Cinema & Gamen";"1920 x 1080 FULL HD";"3600 ANSI Lumen";"2.000.000:1 ";0.50:1;Laser;30.000;"Horizontaal 30 °,  Verticaal 30 °.";⛔;16:9;"Inputs: 2 x HDMI 2.0 Outputs: 1 x Audio 3.5mm, 1 x USB-A power 1.5A Control: 1 x RS232";"4,2 ms";29dB;"Nee (middels Dongle of Chromecast)";"27x21x11 cm";;;"3,0 Kg";"36 Maanden";"Lange levensduur (30.000 uur)";"Netflix & Disney streamen via Chromecast of Mi Box S"
144656958;"Optoma HZ40HDR - Full HD - 4000 ANSI - Laser Projector";5055387667624;5055387667624;8429065;"Home Cinema & Gamen";"1920 x 1080 FULL HD";"4000 ANSI Lumen";"2.000.000:1 ";"1.48:1 ~ 1.62:1";Laser;30.000;"Horizontaal 30 °,  Verticaal 30 °.";⛔;16:9;"Inputs 2 x HDMI 2.0. Outputs 1 x Audio 3.5mm, 1 x USB-A power 1.5A. Control 1 x RS232";"4,2 ms";30dB;"Nee (middels Dongle of Chromecast)";"27x21x11 cm";;;"3,0 Kg";"36 Maanden";"HDR voor levendige beelden ";"Geen HDMI kabel meegeleverd"
144657343;"Optoma ZH450ST";"zh400-4200 Shortthrow";5055387666818;8396639;"Kantoor, School en Thuis";"1920 x 1080 FULL HD";"4200 ANSI Lumen";"300.000:1 ";0.49:1;Laser;30.000;" Verticaal 30 °.";⛔;16:9;" Mini Jack. HDMI 2.0 x 2. Network: RJ-45";"4,2 ms";32dB;"Nee (middels Dongle of Chromecast)";"76x22x11 cm";;;5,5Kg;"36 Maanden";"IP6X gecertificeerdt voor 24/7 onderhoudsvrij gebruik";"Wifi via dongle of chromecast"
144657372;"Optoma ZH350 - Full HD - 3600 lumen - Laser Projector";"zh400-3600 lumen";5055387666399;11841675;"Kantoor, School en Thuis";"1920 x 1080 FULL HD";"3600 ANSI Lumen";"300.000:1 ";"1.12 - 1,47 :1";Laser;;;⛔;16:9;"	 Inputs 2 x HDMI 2.0 Outputs 1 x Audio 3.5mm, 1 x USB-A power 1.5A Control 1 x RS232";"4,2 ms";32dB;"Nee (middels Dongle of Chromecast)";"76x22x11 cm";;;4,2Kg;"36 Maanden";"Volledig 3D";"Wifi via dongle of chromecast"
145043772;"Optoma ZH400 - 4000 lumen - Laser Projector";"zh400-4000 lumen";5055387643307;8396638;"Kantoor, School en Thuis";"1920 x 1080 FULL HD";"4000 ANSI Lumen";"300.000:1 ";"1.12 - 1,47 :1";Laser;30.000;" Verticaal 30 °.";⛔;16:9;"Inputs 2 x HDMI 2.0 Outputs 1 x Audio 3.5mm, 1 x USB-A power 1.5A Control 1 x RS232";"4,2 ms";32dB;"Nee (middels Dongle of Chromecast)";"76x22x11 cm";;;4,2Kg;"36 Maanden";"Volledig 3D";"Wifi via dongle of chromecast"
145774381;"Optoma GT2100HDR - Full HD - 4200 lumen - Short Throw Laser Projector";5055387667006;5055387667006;8622299;"Home Cinema & Gamen";"1920 x 1080 FULL HD";"4200 ANSI Lumen";"2.000.000:1 ";0.50:1;Laser;30.000;"Horizontaal 30 °,  Verticaal 30 °.";⛔;16:9;"Mini Jack. HDMI 2.0 x 2. Network: RJ-45. RS232: DB-9pin. USB";"4,2 ms";29dB;"Nee (middels Dongle of Chromecast)";"27x21x11 cm";;;"3,0 Kg";"36 Maanden";"Lange levensduur (30.000 uur)";"Netflix & Disney streamen via Chromecast of Mi Box S"
145967463;"XGIMI Halo+ - Full HD - 700 ISO - Android TV";WM03A;6935670504555;WM03A;"Home Cinema, Mobiel gebruik / onderweg";"1920 x 1080 FULL HD";"700 ISO lumen";"1.000:1 ";1.2:1;DLP;30.000;"Automatische keystone-correctie";✅;16:9;"HDMI USB Bluetooth Wi-Fi";"26,5 ms";30dB;Ja;"17x15x11 cm";;;1,6Kg;"24 Maanden";"Geluid van Harman Kardon";"Gebruik in verduisterde omgeving"
146043043;"Epson EH-LS11000W - 4K - 2500 Lumen";LS11000W-Wit;8715946700748;7235255;"Home Cinema & Gamen";"3840 x 2160    4K UHD";"2500 ANSI Lumen";"2.500.000:1 ";"1,35 - 2,84 :1";3LCD;30.000;"Keystone correctie, horizontaal. -30 - 30°. Keystone correctie, verticaal. -30 - 30°";⛔;16:9;"RS-232C, Ethernet, Trigger, USB Type A 2x, USB Type B (Mouse Control), HDMI x2";;29dB;"Ja (Apps middels Dongle of Chromecast)";"52x45x20 cm";;;"12,7 Kg";"36 Maanden";"Frame interpolation, 4K Super Resolution & HDR10+";"Geen native 4K"
146067931;"LG HU915QE";8806091746030;8806091746030;;"Home Cinema";"3840 x 2160    4K UHD";"3700 ANSI Lumen";"2.000.000:1 ";;;;;;;;;30dB;Ja;"68x34x12 cm";;;"13,1 Kg";"36 Maanden";"Hoog aantal lumen voor overdag";"Geen HDMI kabel meegeleverd"
146071369;"Viewsonic LS740HD";766907022605;766907022605;;"Grote zalen en Lichte ruimtes";"1920 x 1200  WUXGA";"5000 ANSI Lumen";"3.000.000:1 ";"1.13 - 1.47:1 ";Laser;20.000;"1.3x optical zoom, H/V keystone, 4 corner adjustment";✅;16:9;"HDMI 1.4 (x2, HDCP 1.4) 3.5mm Audio-Out. USB Type-A (5V/1.5A Out) for Power/Service. RS-232 Control Port (9 pin) DC Power In.";"49,5 ms";30dB;"Nee (middels Dongle of Chromecast)";"40x28x15 cm";;;"4,7 Kg";"36 Maanden";"Portret modus";"Weinig aansluitpoorten"
146499759;"Optoma ZK430ST";8673112;5055387667723;8673112;"Kantoor, School en Thuis";"3840 x 2160  4K UHD";"3500 ANSI Lumen";"300.000:1 ";0.49:1;Laser;30.000;"Digital Keystone; Horizontal & Vertical";⛔;16:9;"1 x MiniJack 3.5 mm AUDIO OUT 1 x RS-232C (D-Sub 9 pin) 1 x USB 2.0 (1.5A) 1 х RJ45 Ethernet 100Mbit OUT 2 x HDMI";"8,2 ms";32dB;"Nee (middels Dongle of Chromecast)";"76x22x11 cm";;;4,2Kg;"24 Maanden";"Volledig 3D";"Wifi via dongle of chromecast"
146689616;"Epson EH-LS650B - 4K - 3600 Lumen";LS650-Zwart;"8715946718453 ";;"Home Cinema";"3840 x 2160    4K UHD";"3600 ANSI Lumen";"2.500.000:1 ";"0,25 - 0,62:1";Laser;30.000;"Geometric correction";✅;16:9;"HDMI 2.0 (x2; HDMI 2 eARC; HDCP 2.3) - USB 2.0 type A (x2; 5V/1.5A power delivery/service) - USB 2.0 type A (2A power delivery) - Micro USB (service) - S/PDIF (Optical output)";24ms;27dB;Ja;"46x40x14 cm";;;"7,2 Kg";"36 Maanden";"Ingebouwde Yamaha Soundbar";Geen
146690346;"Epson EH-LS650W - 4K - 3600 ANSI Lumen";"LS123- LS650 ";8715946718446;;"Home Cinema";"3840 x 2160    4K UHD";"3600 ANSI Lumen";"2.500.000:1 ";"0,25 - 0,62:1 ";Laser;30.000;"Geometric correction";✅;16:9;"HDMI 2.0 (x2; HDMI 2 eARC; HDCP 2.3) - USB 2.0 type A (x2; 5V/1.5A power delivery/service) - USB 2.0 type A (2A power delivery) - Micro USB (service) - S/PDIF (Optical output)";24ms;27dB;Ja;"46x40x14 cm";;;"7,2 Kg";"36 Maanden";"Ingebouwde Yamaha Soundbar";"Geen HDMI kabel meegeleverd"
146855061;"Viewsonic LS710-4KE";766907026825;766907026825;;"Home Cinema & Gamen";"3840 x 2160    4K UHD";"3500 ANSI Lumen";"3.000.000:1 ";"1.06 - 1.45:1 (120 inch 3,0 - 3,6 m)";Laser;25.000;"V lens shift, 1.36x optical zoom, H/V keystone, and 4 corner adjustment";✅;16:9;"INPUT. HDMI: (HDMI 2.0/ HDCP 2.2) OUTPUT. Audio-out (3.5mm): Audio-out (HDMI ARC): ... CONTROL. RS232 (DB 9-pin male): USB Type A (Services)";"4,2 ms";27dB;"Nee (middels Dongle of Chromecast)";"28x21x12 cm";;;"3,3 Kg";"24 Maanden";"H/V Keystone Correctie";"Geen ingebouwde appstore "
147027037;"Optoma UHZ35ST - 4K - 3500 lumen - Ultra Short Throw Laser Projector";5055387667730;5055387667730;8673114;"Home Cinema & Gamen";"3840 x 2160    4K UHD";"3500 ANSI Lumen";"500.000:1 ";"0.49:1 ";Laser;30.000;"horizontaal en verticaal, +/-15";;16:9;"HDMI 2.0b (x2; HDCP 2.2, eARC input 2) USB 2.0 Type A (power delivery 5V/1.5A) RS232. RJ45 network port. 3.5mm Audio Out.";"4,4 ms";30dB;"Nee (middels Dongle of Chromecast)";"27x21x11 cm";;;"3,0 Kg";"36 Maanden";"Milieu vriendelijk ontwerp";"Apps via Chromecast of dongle"
147032321;"Optoma UHZ66 - 4K - 4000 lumen - Laser Projector";;5055387667716;8678131;"Home Cinema & Kantoor";"3840 x 2160    4K UHD";"4000 ANSI Lumen";"500.000:1 ";1.40:1;Laser;30.000;"horizontaal + verticaal, +/-30°.";⛔;16:9;"2x HDMI 2.0 input - 1.5A USB Type A - 3.5mm stereo minijack output - RS-232C ";"4,4 ms";"28 dB";"Nee (middels Dongle of Chromecast)";"27x21x11 cm";;;"3,0 Kg";"36 Maanden";"Milieu vriendelijk ontwerp";"Geen HDMI kabel meegeleverd"
147032677;"Optoma ZH462";8673116;5055387666665;8673116;"Grote zalen en Lichte ruimtes";"1920 x 1080 FULL HD";"5000 ANSI Lumen";"300.000:1 ";"1.12 - 1.47 :1";Laser;20.000;"Digital Keystone; Horizontal & Vertical";⛔;16:9;"2 x HDMI 2.0. Outputs 1 x Audio 3.5mm, 1 x USB-A power 1.5A. Control 1 x RS232, 1 x RJ45";"15 ms";28dB;"Nee (middels Dongle of Chromecast)";"27 x 21 x 11 cm";;;3,0Kg;"36 Maanden";"Geschikt voor Kantoor en Home Cinema";"Geen HDMI kabel meegeleverd"
147133693;"Epson EH-TW6250 - 4K - 2800 Lumen";8715946710631;8715946710631;EPS-V11HA73040;"Home Cinema & Gamen";"3840 x 2160    4K UHD";"2800 ANSI Lumen";"35.000:1 ";"1.32:1 tot 2.15:1";Lamp;10.000;"Verticale/Horizontale Keystone-correctie";✅;16:9;"HDMI 1(ARC) - Audio out 3,5mm - Service";"20 ms";33dB;"Nee (middels Dongle of Chromecast)";"33x27x13 cm";;;4,1Kg;"36 Maanden";"Goede prijs kwaliteit verhouding";"Geluid uit de beamer is niet heel sterk"
147133719;"Epson CO-FH01 - FHD - 3000 Lumen";"8715946706825 ";8715946706825;EPS-V11HA84040;"Home Cinema";"1920 x 1080 FULL HD";"3000 ANSI Lumen";"20.000:1 ";"1.27 - 1.71:1";3LCD;20.000;"Horizontale en verticale keystone";⛔;16:9;" 1 x HDMI, 1 x USB 2.0 Type-A ";"16 ms";28dB;"Nee (middels Dongle of Chromecast)";"27x21x08 cm";;;2,4Kg;"24 Maanden";"Groot en Helder beeld ";"Geen 4K Beamer"
148437639;"Formovie Theater EOL";6971310421158;6971310421158;;"Home Cinema";"3840 x 2160    4K UHD";"1800 ISO Lumen";"3.000:1 ";"0.23 :1";"Triple Laser";30.000;"Geometric correction";✅;16:9;"3x HDMI 2.1 (1x eARC) - 1x optical out (multi-channel), 1x 3.5mm out - 2x USB - RJ-45 - Wi-Fi";16ms;26dB;Ja;"55x35x11 cm";;;"9,8 Kg";"36 Maanden";"Bowers en Wilkins Soundbar";"Afstand tot scherm is best groot voor een UST projector"
148442328;"Optoma ZK450 - 4K - 4200 lumen - Laser Projector";5055387667709;5055387667709;8693668;"Home Cinema & Kantoor";"3840 x 2160    4K UHD";"4200 ANSI Lumen";"300.000:1 ";"1.4:1 ~ 2.24:1";Laser;30.000;"Digital Keystone; Horizontal & Vertical";⛔;16:9;" 2x HDMI 2.0 ; Uitgangen, 1x 3.5mm audio 1x USB-A 1x RJ45 1x RS-232";"4.2 ms";32dB;"Nee (middels Dongle of Chromecast)";"27x21x11 cm";;;3,5Kg;"36 Maanden";"Hoog aantal lumen voor overdag";"Wifi via dongle of chromecast"
149643973;"Panasonic PT-VMZ71";5025232923267;5025232923267;;"Grote zalen en Lichte ruimtes";"1920 x 1200  WUXGA (met 4K Support)";"7000 ANSI Lumen";"3.000.000:1 ";1.09–2.21:1;Laser;30.000;"Horizontale en verticale keystone";⛔;16:10;"USB, LAN, RJ-45, D-sub 9-pin (female), M3 stereo mini-jack x 2, HDMI 19-pin x 2, D-sub 15-pin";46ms;"38 dB (NORMAL/ECO), 28 dB (QUIET)";Ja;"40x35x14 cm";;;"7,0 Kg";"36 Maanden";"Gratis Software en Apps";"Geen HDMI kabel meegeleverd"
149840706;"Panasonic PT-VMZ61B";5025232923328;5025232923328;;"Grote zalen en Lichte ruimtes";"1920 x 1200  WUXGA (met 4K Support)";"6200 ANSI Lumen";"3.000.000:1 ";1.09–2.21:1;Laser;30.000;"Horizontale en verticale keystone";⛔;16:10;"USB, LAN, RJ-45, D-sub 9-pin (female), M3 stereo mini-jack x 2, HDMI 19-pin x 2, D-sub 15-pin";46ms;"38 dB (NORMAL/ECO), 28 dB (QUIET)";Ja;"40x35x14 cm";;;"7,0 Kg";"36 Maanden";"Gratis Software en Apps";"Geen HDMI kabel meegeleverd"
149841411;"Panasonic PT-VMZ51";5025232923342;5025232923342;;"Grote zalen en Lichte ruimtes";"1920 x 1200  WUXGA (met 4K Support)";"5200 ANSI Lumen";"3.000.000:1 ";1.09–2.21:1;Laser;20.000;"Verticaal: ±25 °, Horizontaal: ±35 °";⛔;16:10;"USB, LAN, RJ-45, D-sub 9-pin (female), M3 stereo mini-jack x 2, HDMI 19-pin x 2, D-sub 15-pin";"46 Ms";"38 dB (NORMAL/ECO), 28 dB (QUIET)";Ja;"40x35x14 cm";;;"7,0 Kg";"36 Maanden";"Gratis Software en Apps";"Geen HDMI kabel meegeleverd"
153531931;"Epson EB-810E - 4K - 5000 Lumen - Laser";TER123RES-Wit;8715946718156;EPS-V11HA99080;"Zakelijk gebruik";"1920 x 1200  WUXGA (met 4KE Support)";"5000 ANSI Lumen";"2.500.000:1 ";"0,16 - 0,40:1";;;"horizontale en verticale keystone correctie";;"16:9 - 21:9";"Interfaces. USB 2.0-A (2x), USB 2.0 Type B (Service Only), RS-232C, Ethernet interface (100 Base-TX / 10 Base-T), Wireless LAN IEEE 802.11a/b/g/n/ac, HDMI in (2x), HDMI out, HDBaseT, Miracast. Epson iProjection App. Ad-Hoc / Infrastructure. Network Protoc";"19,4 ms";30dB;Ja;"70x35x16 cm";;;12,5Kg;"36 Maanden";"Werkt met systemen als AMX, Extron, Crestron & Control4";"Geen beugel bijgeleverd"
153655712;"JMGO N1S Ultimate ";6959422615542;6959422615542;J92-5D5e;"Home Cinema & Onderweg";"3840 x 2160    4K UHD";"3500 ANSI Lumen";"1.600:1 ";" 1.2:1";"Triple Laser";30.000;"Auto Keystone & Scherpstellen ";Ja;16:9;"one HDMI 2.1 port, another HDMI 2.1 port with ARC, a USB 2.0 port, and a 3.5mm jack";"20,4 ms";"27 dB";Ja;"24x24x21 cm";;;4,5Kg;"24 Maanden";"Strak design";"Geen Accu "
153658401;"Epson QB1000B - 4K - 3300 Lumen - Laser";QB1000W-Zwart;8715946733548;EPS-V11HB23180;"High End Home Cinema";"3840 x 2160    4K UHD";"3300 ANSI Lumen";"5.000.000:1   ";"1,35 - 2,84 :1";"3LCD Laser met 20.000 uur onderhoudsvrije werking";20.000;"Verticale keystone correctie: Handmatig - Horizontale keystone correctie: Handmatig - Verticale lens shift +96,3% / -96,3% - Horizontale lens shift +47,1% / -47,1%";"Nee (middels Dongle of Chromecast)";16:9;"12-Volt Trigger Audio Out: Mini Jack HDMI 2.3 (HDCP) x 2 Network: RJ-45 RS232: DB-9pin USB x 2";"4K@120Hz gaming, 20ms en Auto Low Latency Mode (ALLM)";"30 / 22 dB (ECO MODUS)";"Nee (middels Dongle of Chromecast)";"52 x 44,7 x 19,3 cm";;;"12,8 Kg";"60 Maanden op de beamer of 12.000 uur (welke eerst komt).";"Epson VRX Cinema lens behaalt optimale scherpte van hoek tot hoek";"Valt in het wat duurdere segment"
153658617;"Epson QB1000W - 4K - 3300 Lumen - Laser";QB1000W-Wit;8715946733531;EPS-V11HB23080;"High End Home Cinema";"3840 x 2160    4K UHD";"3300 ANSI Lumen";"5.000.000:1   ";"1,35 - 2,84 :1";"3LCD Laser met 20.000 uur onderhoudsvrije werking";20.000;"Verticale keystone correctie: Handmatig - Horizontale keystone correctie: Handmatig - Verticale lens shift +96,3% / -96,3% - Horizontale lens shift +47,1% / -47,1%";"Nee (middels Dongle of Chromecast)";16:9;"12-Volt Trigger Audio Out: Mini Jack HDMI 2.3 (HDCP) x 2 Network: RJ-45 RS232: DB-9pin USB x 2";"4K@120Hz gaming, 20ms en Auto Low Latency Mode (ALLM)";"30 / 22 dB (ECO MODUS)";"Nee (middels Dongle of Chromecast)";"52 x 44,7 x 19,3 cm";;;"12,8 Kg";"60 Maanden op de beamer of 12.000 uur (welke eerst komt).";"Epson VRX Cinema lens behaalt optimale scherpte van hoek tot hoek";"Valt in het wat duurdere segment"
153680015;"Optoma HZ146X-W - Full HD - 3800 lumen - Laser Projector";8694329;5055387668201;8694329;"Home Cinema & Kantoor";"1920 x 1080 FULL HD";"3800 Lumen";"2.000.000:1 ";"1,48 - 1,62:1 ";Laser;30.000;"Horizontaal 30 °,  Verticaal 30 °.";"Nee (middels Dongle of Chromecast)";16:9;"2 x HDMI 2.0 Outputs 1 x Audio 3.5mm, 1 x USB-A Power 1.5A Control 1 x RS232";"8,6 ms";"30 / 27dB (Eco)";"Nee (middels Dongle of Chromecast)";"27x21x11 cm";;;3,5Kg;"2 jaar garantie op de beamer. ";"34% Lichter voor een Kleine Ecologische Afdruk";"Geen dongle meegeleverd"
153807576;"XGIMI MoGo 3 Pro Google TV - 450 ISO";XN13A;6935670504753;XN13A;"Home Cinema & Onderweg";"1920 x 1080 FULL HD";"400 ANSI Lumen";"2.000.000:1 ";1.2:1;LED;30.000;"Auto Keystone & Scherpstellen ";JA;16:9;"1x micro HDMI 1x  USB-A";"71 ms";"26 dB";Ja;"29x15x14 cm";;;1,1Kg;"24 Maanden";"Ingebouwde mediaspeler en apps";"Weinig aansluitpoorten"
153807848;"XGIMI Elfin Flip - FHD - 400 ISO - Google TV";WK03C-1;6935670508577;WK03C-1;"Home Cinema & Onderweg";"1920 x 1080 FULL HD";"400 ANSI Lumen";"200.000:1 ";1.2:1;LED;30.000;"Auto Keystone & Scherpstellen ";Ja;16:9;"Input. HDMI x 1. USB x 1. DC x 1";"72 ms";"26 dB";Ja;"19x19x48 cm";;;"0,9 Kg";"36 Maanden";"Auto Keystone & Scherpstellen ";"Weinig aansluitpoorten"
153808052;"Samsung Premiere LPU9D (2024)";8806094576351;8806094576351;;"Home Cinema & Smart TV";"3840 x 2160    4K UHD";"2800 ANSI Lumen";"2.000.000:1 ";0,25:1;"Triple Laser";30.000;"Horizontale en verticale keystone";Ja;16:9;"3 HDMI ports (one with eARC), one USB-A 2.0 port, one LAN port, one Optical port, and one Ex-Link (RS-232C) port";"53 ms";"27 dB";Ja;"55x36x14 cm";;;"9,5 Kg";"24 Maanden of 10.000 branduren";"Dicht op de muur te plaatsen";"Helaas niet in zwart verkrijgbaar"
153808286;"Samsung Premiere LPU7D (2024)";8806094576351;8806094576351;;"Home Cinema & Smart TV";"3840 x 2160    4K UHD";"2200 ANSI Lumen";"2.000.000:1 ";0,27:1;"Triple Laser";30.000;"Horizontale en verticale keystone";Ja;16:9;"3 HDMI ports (one with eARC), one USB-A 2.0 port, one LAN port, one Optical port, and one Ex-Link (RS-232C) port";"53 ms";"27 dB";Ja;"54x36x16 cm";;;9,5Kg;"24 Maanden of 10.000 branduren";"Betere Zwartwaarden dan voorganger";"Helaas niet in zwart verkrijgbaar"
153985518;"Epson EF-21W Wit - FHD - 1000 Lumen";EPS-V11HB35040;8715946735016;EPS-V11HB35040;"Home Cinema & Onderweg";"1920 x 1080 FULL HD";"1000 ANSI Lumen";"5.000.000:1 ";1.0:1;Laser;30.000;"Auto Keystone & Scherpstellen ";Ja;16:9;"Video ingangen	1x HDMI 2.0 Audio uitgangen	1x Headphone out (3.5mm jack) Data poorten	1x USB 2.0 (type-A)";"32 ms";"27 dB";Ja;"19,7 x 19,1 x 11,3 cm";;;"2,2 Kg";"24 Maanden of 10.000 branduren";"Stream al je favoriete content via de ingebouwde Google TV met Chromecast";test
154021973;"Epson EF-21G Groen - FHD - 3000 Lumen";8715946735023;8715946735023;EPS-V11HB35340;"Home Cinema & Onderweg";"1920 x 1080 FULL HD";"1000 ANSI Lumen";"5.000.000:1 ";1.0:1;Laser;30.000;"Auto Keystone & Scherpstellen ";Ja;16:9;"Video ingangen	1x HDMI 2.0 Audio uitgangen	1x Headphone out (3.5mm jack) Data poorten	1x USB 2.0 (type-A)";"32 ms";"27 dB";Ja;"19,7 x 19,1 x 11,3 cm";;;"2,2 Kg";"24 Maanden of 10.000 branduren";"Stream al je favoriete content via de ingebouwde Google TV met Chromecast";test
154022179;"Epson - EF-22N Metallic Blauw ";EPS-V11HB38440;8715946735047;EPS-V11HB38440;"Home Cinema & Onderweg";"1920 x 1080 FULL HD";"1000 ANSI Lumen";"5.000.000:1 ";"1,00 :1";3LCD;30.000;"Auto Keystone & Scherpstellen ";Ja;16:9;"HDMI 2.1 - USB A - USB B Mini - Power ";"34 ms";"27 dB";Ja;"27x19x19 cm";;;2,5Kg;"24 Maanden of 3.000 branduren";"Strak design";"1000 Lumen te weinig voor lichte omgevingen"
154022472;"Epson EF-22B Metallic Zwart - FHD - 1000 Lumen";8715946735030;8715946735030;;"Home Cinema & Onderweg";"1920 x 1080 FULL HD";"1000 ANSI Lumen";"5.000.000:1 ";"1,00 :1";3LCD;10.000;"Auto Keystone & Scherpstellen ";Ja;16:9;"HDMI 2.1 - USB A - USB B Mini - Power ";"34 ms";"27 dB";Ja;"27x19x19 cm";;;2,5Kg;"24 Maanden of 3.000 branduren";"Strak design";"1000 Lumen te weinig voor lichte omgevingen"
155117709;"Sony XW6100/B";XW6100-Zwart;4548736165816;10463093;"High End Home Cinema";"3840 x 2160    4K UHD";"2700 ANSI Lumen";"Oneindig:1 ";"1.35-2.84 ";"Laser lichtbron met lange levensduur (30.000 uur)";30.000;"Horizontale en verticale keystone";"Nee (middels Dongle of Chromecast)";16:9;"HDMI ports quantity, 2. HDMI version, 2.1. DVI port, N. Service port type, USB Type-A. USB 2.0 ports quantity, 1. Serial interface type, RS232";"21 ms";"30 dB";"Nee (middels Dongle of Chromecast)";"460 x 210 x 517 mm";;;"14,0 Kg";"60 Maanden";"XR Triluminos Pro";"Geen HDMI kabel meegeleverd"
155749271;"Sony XW6100/W";XW6100-Wit;4548736162457;;"High End Home Cinema";"3840 x 2160    4K UHD";"2700 ANSI Lumen";"Oneindig:1 ";"1.35-2.84 ";"Laser lichtbron met lange levensduur (30.000 uur)";30.000;"Horizontale en verticale keystone";"Nee (middels Dongle of Chromecast)";16:9;"HDMI ports quantity, 2. HDMI version, 2.1. DVI port, N. Service port type, USB Type-A. USB 2.0 ports quantity, 1. Serial interface type, RS232";"21 ms";"30 dB";"Nee (middels Dongle of Chromecast)";"460 x 210 x 517 mm";;;"14,0 Kg";"60 Maanden";"XR Triluminos Pro";"Geen HDMI kabel meegeleverd"
156432873;"Sony XW8100/W ";4548736162457;4548736162457;10463099;"High End Home Cinema";"3840 x 2160    4K UHD";"2700 ANSI Lumen";"Oneindig:1 ";"1.35-2.84 ";"Laser lichtbron met lange levensduur (30.000 uur)";30.000;"Horizontale en verticale keystone";"Nee (middels Dongle of Chromecast)";16:9;"HDMI ports quantity, 2. HDMI version, 2.1. DVI port, N. Service port type, USB Type-A. USB 2.0 ports quantity, 1. Serial interface type, RS232";"21 ms";"30 dB";"Nee (middels Dongle of Chromecast)";"460 x 210 x 517 mm";;;"14,0 Kg";"60 Maanden";"XR Triluminos Pro";"Geen HDMI kabel meegeleverd"
156778655;"Stobe Titanic Incl. Bioscoop Pakket en Projectiedoek";;;;"Home Cinema";"1280x720P HD";"150 ANSI Lumen";1000:1;-;Led;40.000;;;"16:9 of 4:3.";Hdmi;;"30-45 dB";Nee;"10x14x15 cm";;;0,9Kg;"36 Maanden";"Strak design";"werkt verslavend ;)"
156810216;"Optoma UHZ68LV - 4K - 5000 lumen - Laser Projector";UHZ68-Zwart;5055387668652;11540173;"Home Cinema & Gamen";"3840 x 2160    4K UHD";"5000 ANSI Lumen";" 3,200,000:1";"1.2:1 ~ 1.92:1";DLP;30.000;"Horizontale en verticale keystone";✅;16:9;"3 x HDMI 3 x USB Type-A 1x 3,5 mm mini jack uitgang 1 x netwerk aansluiting";8.50ms;"31 dB";Nee;"49,8x17,1x33,1 cm";;;"9,2 Kg";"36 Maanden";"5000 ANSI Lumen";"Geen ingebouwde Smart TV"
157034926;"Formovie Theater Premium";Formovie1-Premium;6971310422339;;"Home Cinema";"3840 x 2160    4K UHD";"2200 ISO Lumen";"3.000:1 ";"0.21: 1";"Triple Laser";30.000;8-punts/4-punts;✅;16:9;"3xHDMI 2.1 (1 met eARC), 1x S/PDIF, 1x LAN, 1x Line Out ";16ms;26dB;Ja;"55x35x11 cm";;;"9,8 Kg";"36 Maanden";"Bowers en Wilkins Soundbar";Geen
157048715;"Formovie Cinema Edge";Formovie1-Edge;6971310421912;;"Home Cinema & Smart TV";"3840 x 2160    4K UHD";"1900 ISO Lumen";"3.000:1 ";"0.21: 1";"Triple Laser";30.000;8-punts/4-punts;✅;16:9;"3xHDMI 2.1 (1 met eARC), 1x S/PDIF, 1x LAN, 1x Line Out ";16ms;26dB;Ja;"55x35x11 cm";;;"9,8 Kg";"36 Maanden";"Bowers en Wilkins Soundbar";Geen
157049563;"Optoma PH31UST - Full HD - 650 ANSI - Ultra Short Throw Laser Projector";E3PS001E111;5055387668928;11540171;"Home Cinema & Onderweg";"1920 x 1080 FULL HD";"650 Ansi Lumen";"800:1 ";0,25:1;Laser;25.000;"Horizontaal 30 °,  Verticaal 30 °.";"Ingebouwde mediaspeler en apps";16:9;"Inputs 1 x HDMI 2.0, 1 x USB-C power. Outputs 1 x USB-A";"27 ms";"26 dB";Ja;"25x16x6 cm";;;"2,7 Kg";"36 Maanden";"Google TV voor directe toegang tot populaire apps en streamingdiensten";"Had ook in een 4K versie kunnen komen"
157050545;"Viewsonic LX700-4KE";0766907029659;0766907029659;6797639;"Home Cinema & Gamen";"3840 x 2160    4K UHD";"5200 ANSI Lumen";"3.000.000:1 ";"1,36 – 2,18:1";Laser;25.000;"V lens shift, 1.36x optical zoom, H/V keystone, and 4 corner adjustment";✅;16:9;"HDMI 2.0, USB-C, USB-A, audio-uitgang, RJ45";"4,2 ms";27dB;"Nee (middels Dongle of Chromecast)";"28x21x12 cm";;;"3,3 Kg";"24 Maanden";"Flexibele installatie dankzij lensverschuiving en zoom";"Moet best ver van het doek geplaatst worden"
157053141;"JMGO N1S Ultra";6959422615375;6959422615375;92-5D5;"Home Cinema ";"3840 x 2160    4K UHD";"3000 ANSI Lumen";"1.600:1 ";" 1.2:1";"Triple Laser";30.000;"Auto Keystone & Scherpstellen ";Ja;16:9;"one HDMI 2.1 port, another HDMI 2.1 port with ARC, a USB 2.0 port, and a 3.5mm jack";"20,4 ms";"27 dB";Ja;"24x24x21 cm";;;4,5Kg;"24 Maanden";"110% Rec.2020 Kleurenbereik ";"Geen Accu "
157054125;"BenQ GP520 ";4718755094699;4718755094699;;"Home Cinema & Onderweg";"3840 x 2160    4K UHD";"2600 ANSI Lumen";"600.000:1 ";1,2:1;LED;30.000;"Horizontale en verticale keystone";Ja;16:9;"Audio Out: Mini Jack. DisplayPort. HDMI 2.3 (HDCP) x 2. USB x 2";"17,9 ms";"28 dB";Ja;"22 x 22,5 x 14,5 cm";;;"3 Kg";"24 Maanden";"Auto Cinema Mode met Wall Color Correction";"Geen HDMI kabel meegeleverd"
157055540;"BenQ W5800 ";4718755092978;4718755092978;;"Home Cinema";"3840 x 2160    4K UHD";"2400 ANSI Lumen";"3000000:1 ";-;;;;;;;;30dB;Ja;"26x27x16 cm";;;6,5Kg;"36 Maanden";"Strak design";test
157057264;"BenQ TK710STi ";4718755093555;4718755093555;BNQ-9H.JSK77.17E;"Home Cinema & Gamen";"3840 x 2160    4K UHD";"3200 ANSI Lumen";"500.000:1 ";"0.69 – 0.83:1";LED;30.000;"Horizontaal 40 °,  Verticaal 40 °.";"Ingebouwde mediaspeler en apps";16:9;"2x HDMI 2.0, USB, Audio-uitgang, RJ45 (Ethernet)";"16 ms (4K 60Hz), 4 ms (1080p 240Hz)";"29 dB";Ja;"31x24x11 cm";;;3,1Kg;"24 Maanden";"Verschillende game modes (FPS, SPG en RPG)";"Geen native 4K"
157083769;"BenQ TK710";4718755093548;4718755093548;BNQ-9H.JSJ77.17E;"Home Cinema & Gamen";"3840 x 2160    4K UHD";"3200 ANSI Lumen";"500.000:1 ";"1,15 - 1,5 :1";LED;30.000;"Horizontaal 40 °,  Verticaal 40 °.";"Ingebouwde mediaspeler en apps";16:9;"2x HDMI 2.0, USB, Audio-uitgang, RJ45 (Ethernet)";"16 ms (4K 60Hz), 4 ms (1080p 240Hz)";"29 dB";Ja;"31x24x11 cm";;;3,1Kg;"24 Maanden";"Verschillende game modes (FPS, SPG en RPG)";"Geen native 4K"
157084773;"BenQ GV50";4718755093692;4718755093692;;"Slaapkamer en donkere ruimtes";"1920 x 1080 FULL HD";"500 ANSI Lumen";"100.000:1 ";1,2:1;LED;30.000;"Horizontale en verticale keystone";"Auto Keystone & Scherpstellen ";16:9;"USB-A, HDMI, USB-C";"124 ms";"26 dB";Ja;"19x19x21 cm";;;"2,1 Kg";"24 Maanden";"360 graden geluid";"Enkel in donkere ruimtes te gebruiken"
157088136;"BenQ TH585P";4718755089138;4718755089138;;"Home Cinema, Gamen & Kantoor";"1920 x 1080 FULL HD";"3500 ANSI Lumen";"10000:1 ";"1,5 - 1,65:1";DLP;15.000;"Horizontale en verticale keystone";"Nee (middels Dongle of Chromecast)";16:9;"Audio output (mini jack)  2 Audio input (mini jack)  3 HDMI-2  4 HDMI-1 / MHL  1 2 3 4 5 6  7 8 Ceiling Mount Chart  5 USB Type A (1.5A power)  6 RS232 input (D-sub 9pin, male)  7 AC Power cable inlet  8 IR Receiver (Front+Rear)";"16 ms";"30 dB";Nee;"31x23x11 cm";;;2,8Kg;"36 Maanden";"Lange levensduur (15.000)";"Wifi via dongle of chromecast"
157092163;"JMGO N1S NANO ";6959422615641;6959422615641;J61-7K1;"Home Cinema";"3840 x 2160    4K UHD";"2400 ANSI Lumen";"3000000:1 ";-;;;;;;;;30dB;Ja;"26x27x16 cm";;;6,5Kg;"36 Maanden";"Strak design";test
157122777;"Epson QL3000B - 4K - 6000 Lumen - Laser";QL3000W-Zwart;8715946733869;;"Pro Cinema & Installatie";"3840 x 2160    4K UHD";"6000 ANSI Lumen";5.000.000:1;"Afhankelijk van type lens";3LCD;30.000;"Horizontaal 40 °,  Verticaal 40 °. Vertical Lens Shift (-50%, +50%)";"Ja (Apps middels Dongle of Chromecast)";"16:9 - 16:10 - 21:9";"2x HDMI 2.1 Audio uitgangen	1x Headphone out (3.5mm jack) Power out	2x USB power out (type-A) WiFi	 Bluetooth	 TV tuner	 12V trigger	1x 12V trigger out (3.5mm jack) Seriële poort	1x RS-232 (DB-9)";"20 ms";"26 dB";Ja;"57x57x19 cm";;;"21,5 Kg";"36 Maanden";"Verwisselbare lenzen voor veelzijdige installatie opties";"Prijzig in aanschaf"
157123170;"Epson QL3000W - 4K - 6000 Lumen - Laser";QL3000W-Wit;8715946733876;;"Pro Cinema & Installatie";"3840 x 2160    4K UHD";"6000 ANSI Lumen";5.000.000:1;"Afhankelijk van type lens";3LCD;30.000;"Horizontaal 40 °,  Verticaal 40 °. Vertical Lens Shift (-50%, +50%)";"Ja (Apps middels Dongle of Chromecast)";"16:9 - 16:10 - 21:9";"2x HDMI 2.1 Audio uitgangen	1x Headphone out (3.5mm jack) Power out	2x USB power out (type-A) WiFi	 Bluetooth	 TV tuner	 12V trigger	1x 12V trigger out (3.5mm jack) Seriële poort	1x RS-232 (DB-9)";"20 ms";"26 dB";Ja;"57x57x19 cm";;;"21,5 Kg";"36 Maanden";"Verwisselbare lenzen voor veelzijdige installatie opties";"Prijzig in aanschaf"
157378343;"Epson EH-QS100B - 4K - 4500 Lumen - Laser";QS100W-Zwart;8715946736402;EPS-V11HB49140;"Home Cinema & Zakelijk";"3840 x 2160    4K UHD";"4500 ANSI Lumen";"5.000.000:1 ";0,16:1;"3LCD Laser met 30.000 uur onderhoudsvrije werking";30.000;"Horizontale en verticale auto keystone";"Smart Beamer met Apps en Mirror Functie";16:9;"USB 2.0-A (2x), USB 2.0 Type B (Service only), Ethernet Interface (100 Base-TX/10 Base-T), HDMI ARC, HDMI Input (2x)";"25,7 ms";"26 dB";Ja;"695 x 341 x 156 mm";;;"12 Kg";"36 Maanden";"Geweldig ingebouwd geluidssysteem";"Vrij brede projector"
157378608;"Epson EH-QS100W - 4K - 4500 Lumen - Laser";QS100W-Wit;8715946734897;EPS-V11HB49040;"Home Cinema & Zakelijk";"3840 x 2160    4K UHD";"4500 ANSI Lumen";"5.000.000:1 ";0,16:1;"3LCD Laser met 30.000 uur onderhoudsvrije werking";30.000;"Horizontale en verticale auto keystone";"Smart Beamer met Apps en Mirror Functie";16:9;"USB 2.0-A (2x), USB 2.0 Type B (Service only), Ethernet Interface (100 Base-TX/10 Base-T), HDMI ARC, HDMI Input (2x)";"25,7 ms";"26 dB";Ja;"695 x 341 x 156 mm";;;"12 Kg";"36 Maanden";"Geweldig ingebouwd geluidssysteem";"Vrij brede projector"
157607402;"JVC DLA-NZ700";4975769481765;4975769481765;;"High End Home Cinema";"Native 4K-resolutie (4096 x 2160)";"2300 ANSI Lumen";"Oneindig :1";" 1.35-2.75:1";Laser;30.000;"Horizontaal 40 °,  Verticaal 40 °. Vertical Lens Shift (-50%, +50%)";⛔;16:9;"HDMI 2.1/HDCP 2.3 inputs (x2, 48 Gbps) 3D sync output (Mini Din 3-pin) 12v DC/100ma trigger output (3.5 mm) RS-232C control (D-sub 9-pin) USB-A (service only) LAN control (RJ-45)";"27 ms";24dB;"Nee (middels Dongle of Chromecast)";"50x50x24 cm";;;22,5Kg;"36 Maanden";"Geavanceerde Frame Adapt HDR-technologie";"Aan/uit-schakeltijd duurt iets langer "
157607561;"Epson EB-2250U - WUXGA - 5000 Lumen";8715946628646;8715946628646;4095917;"Kantoor, School en Thuis";"1920 x 1080 FULL HD";"5000 ANSI Lumen";"15.000:1 ";"1,38 - 2,28 :1";3LCD;10.000;"Horizontale en verticale keystone";"Nee (middels Dongle of Chromecast)";"16:9 - 16:10";" 1 x USB 2.0 - 4 pin USB Type A 1 x USB 2.0 - 4-pins USB type B (beheer) 1 x netwerk - RJ-45 1 x VGA-uitgang - 15 pins-HD D-Sub (HD-15) 1 x composietvideo-ingang - RCA 2 x onderdeel video / RGB ingang - 15 pins-HD D-Sub (HD-15) 2 x geluidsinvoer - mini-ph";"53 ms";30dB;"Nee (middels Dongle of Chromecast)";"38x30x11 cm";;;"4,6 Kg";"24 Maanden";"Veelzijdige installatie mogelijkheden";"Geen 4K UHD beeld"
157637486;"JMGO PicoFlix";6959422615504;6959422615504;J61-7K5;"Kantoor, School en Thuis";"720p Resolutie";"450 ANSI Lumen";"400:1 ";1,2:1;LED;25.000;"Horizontale en verticale keystone";Ja;16:9;"Video ingangen	1x HDMI 2.1 Audio uitgangen	1x Headphone out (3.5mm jack) Data poorten	1x USB 10Gbps (type-C) 2x USB 2.0 (type-A) Power in	1x USB PD 65W (type-C)";"56 ms";"30 dB";Ja;"24x8x8 cm";;;1,5Kg;"24 Maanden";"Automatische keystone en autofocus";"Enkel in donkere ruimtes te gebruiken"
157638004;"AWOL Vision LTV-2500";0850025255097;0850025255097;;"Home Cinema & Gamen";"3840 x 2160    4K UHD";"2000 ANSI Lumen";"2.500:1 ";0,25:1;"Triple Laser";30.000;"Horizontale en verticale keystone";Ja;16:9;"Video ingangen	1x Composiet (RCA) 3x HDMI 2.0 Audio uitgangen	1x Headphone out (3.5mm jack) 1x Optische audio (TOSLINK) Power out	2x USB power out (type-A)";"15 ms";"26 dB";Ja;"59,9 x 35,3 x 14,5 cm";;;9,5Kg;"60 Maanden";"4K resolutie (3840x2160)";"Met 2000 lumen alleen te gebruiken in matig verduisterde ruimtes"
157638376;"AWOL Vision LTV-3000";0850025255844;0850025255844;;"Home Cinema & Gamen";"3840 x 2160    4K UHD";"2400 ANSI Lumen";"2.500:1 ";0,25:1;"Triple Laser";30.000;"Horizontale en verticale keystone";Ja;16:9;"Video ingangen	1x Composiet (RCA) 3x HDMI 2.0 Audio uitgangen	1x Headphone out (3.5mm jack) 1x Optische audio (TOSLINK) Power out	2x USB power out (type-A)";"15 ms";"26 dB";Ja;"59,9 x 35,3 x 14,5 cm";;;9,5Kg;"60 Maanden";"4K resolutie (3840x2160)";"Met 2400 lumen alleen te gebruiken in matig verduisterde ruimtes"
157638427;"AWOL Vision LTV-3500";0850025255837;0850025255837;;"Home Cinema & Gamen";"3840 x 2160    4K UHD";"3300 ANSI Lumen";"2.500:1 ";0,25:1;"Triple Laser";30.000;"Horizontale en verticale keystone";Ja;16:9;"Video ingangen	1x Composiet (RCA) 3x HDMI 2.0 Audio uitgangen	1x Headphone out (3.5mm jack) 1x Optische audio (TOSLINK) Power out	2x USB power out (type-A)";"15 ms";"26 dB";Ja;"59,9 x 35,3 x 14,5 cm";;;9,5Kg;"60 Maanden";"4K resolutie (3840x2160)";"Geen HDMI kabel meegeleverd"
157638583;"Dangbei Atom";04.4L00-LF5HG0-EUR1;6971974621161;04.4L00-LF5HG0-EUR1;"Home Cinema & Smart TV";"1920 x 1080 FULL HD";"1200 ANSI Lumen";"676:1 ";1,2:1;"Laser lichtbron ";25.000;"Horizontale en verticale keystone";"Ja ";16:9;"Video ingangen	1x HDMI 2.0 Audio uitgangen	1x Headphone out (3.5mm jack) Data poorten	2x USB 2.0 (type-A)";"18 ms";"30 dB";Ja;"19,5 x 19,5 x 4,75 cm";;;"1,28 Kg";"24 Maanden";"HDR10-ondersteuning en Dolby Audio";"Geen accu"
157639768;"Dangbei Freedo";;6971974621598;04.4C00-C3H000-EUR0;"Home Cinema & Smart TV";"1920 x 1080 FULL HD";"450 ANSI Lumen";"230:1 ";1,2:1;LED;30.000;"Horizontale en verticale keystone";;;"Video ingangen	1x HDMI 2.0 Data poorten	1x USB 2.0 (type-A) Power in	1x USB PD 65W (type-C)";"78 ms";"30 dB";Ja;"13,1 x 10,9 x 23,9 cm";;;"1,4 Kg";"24 Maanden";"360° geluid met Dolby Audio";"Laag aantal lumen voor enkel donkere ruimtes"
157652110;"Dangbei Mars Pro 2";6971974621345;6971974621345;;"Home Cinema & Gamen";"3840 x 2160    4K UHD";"2450 ISO Lumen";"1159:1 ";1,2:1;"Laser lichtbron met lange levensduur (30.000 uur)";30.000;"Horizontale en verticale keystone";Ja;"16:9 - 21:9";"Video ingangen	1x HDMI 2.0 1x HDMI 2.1 Audio uitgangen	1x Headphone out (3.5mm jack) 1x Optische audio (TOSLINK) Data poorten	2x USB 2.0 (type-A)";"34 ms";"24 dB";Ja;"23,6 x 20,1 x 16,3 cm";;;"4,0 Kg";"36 Maanden";"Ingebouwde Google TV en Netflix voor eindeloos entertainment";"Geluid uit de projector is goed maar eenvoudig"
157652483;"JMGO N1S Infinity";6959422615535;6959422615535;J92-5DH;"Home Cinema ";"3840 x 2160    4K UHD";"2450 ANSI Lumen";"1.600:1 ";" 1.2:1";"Triple Laser";30.000;"Auto Keystone & Scherpstellen ";Ja;16:9;"one HDMI 2.1 port, another HDMI 2.1 port with ARC, a USB 2.0 port, and a 3.5mm jack";"20,4 ms";"27 dB";Ja;"24x24x21 cm";;;4,5Kg;"24 Maanden";"110% Rec.2020 Kleurenbereik ";"Geen Accu "
157653924;"BenQ GV31";4718755092220;4718755092220;;"Home Cinema & Onderweg";"1920 x 1080 FULL HD";"300 ANSI Lumen";"100.000:1 ";1,2:1;LED;30.000;"Horizontale en verticale keystone";Ja;16:9;"Video ingangen	1x HDMI 1.4 1x USB 3.1 (type-C) Audio uitgangen	1x Headphone out (3.5mm jack) Data poorten	1x USB 2.0 (type-A)";"56 ms";"30 dB";Ja;"13,1 x 19,1 x 20,3 cm";;;"1,7 Kg";"24 Maanden";"Google Chromecast en Airplay";"Enkel in donkere ruimtes te gebruiken"
157656648;"BenQ X500i";4718755092763;4718755092763;;"Home Cinema & Gamen";"3840 x 2160    4K UHD";"2200 ANSI Lumen";"600.000:1 ";"0,69 - 0,83 :1";LED;30.000;"Horizontale en verticale keystone";Ja;16:9;"Video ingangen	1x USB 3.0 (type-C) 3x HDMI 2.0 Audio uitgangen	1x Headphone out (3.5mm jack) 1x Optische audio (TOSLINK) Data poorten	1x USB 2.0 (type-A)";"4 ms";"30 dB";Ja;"36,6 x 24,4 x 11,8 cm";;;"3,6 Kg";"36 Maanden";"Dual 5W Trevolo speakers of Dolby Atmos via HDMI ";"Geen HDMI kabel meegeleverd"
157670423;"BenQ X3100i ";4718755092244;4718755092244;;"Home Cinema & Gamen";"3840 x 2160    4K UHD";"3000 ANSI Lumen";"500000:1 ";-;;;;;;;;33dB;Ja;"27x25x20 cm";;;6,5Kg;"36 Maanden";"Verschillende game modes (FPS, SPG en RPG)";"Het design moet je aanspreken"
157673276;"BenQ W4100i";BNQ-9H.R0877.17E;4718755096181;BNQ-9H.R0877.17E;"Home Cinema";"3840 x 2160    4K UHD";"3200 ANSI Lumen";"3.000.000:1 ";"1,15 - 1,5 :1";LED;30.000;"Horizontale en verticale keystone";"Ja (Apps middels Dongle of Chromecast)";16:9;"HDMI in. HDMI-1 (2.1/HDCP2.3) (4K 60Hz/ALLM), HDMI-2 (2.1/HDCP2. · USB Type A. USB Type A-2 (2.0/Power Supply1.5A/Reader/FW Upgrade), (x2), USB Type A-3";"12 ms input lag voor snelle games";30dB;Ja;"42 x 13 x 31 cm";;;"6,1 Kg";"36 Maanden";"Hoog contrast voor goede zwartwaarden";"Apps via QS02 Dongle "
158362729;"Samsung The Premiere 5 - LPF5D ";;8806095574660;;"Smart Beamer met Apps en Interactieve Functie";"1920 x 1080 FULL HD";"800 ANSI Lumen";"1.000:1 ";1,23:1;"Triple Laser met AI Processor";30.000;"AI gestuurde Keystone";"AI en Apps";"16:9 - 16:10";"two HDMI ports, including one with audio return, plus USB-C, Bluetooth 5.2 and Wi-Fi5";"53 ms";"24 dB";Ja;"30x24x18 cm";;;3,5Kg;"36 Maanden";"Adaptive Sound Pro";"Geen HDMI kabel meegeleverd"
158372404;"Viewsonic M1XE";0766907030990;0766907030990;;"Home Cinema & Onderweg";"720p Resolutie";"300 ANSI Lumen";"120.000:1 ";1,2:1;LED;30.000;"Horizontale en verticale keystone";Ja;"16:9 - 16:10";"HDMI 1.4/HDCP 1.4 port, USB Type-C port (which also supports 5V/1.5A power output), and one USB Type-A port that functions as a USB 2.0 reader, can provide 5V/1.5A power";"73 ms";"29 dB";Ja;"14x12x04 cm";;;"1,0 Kg";"24 Maanden";"Bluetooth-ondersteuning en ingebouwde accu";test
158372699;"Viewsonic M1XE Max";0766907030990;0766907030990;000000000006277427;"Home Cinema & Onderweg";"1920 x 1080 FULL HD";"600 ANSI Lumen";"120.000:1 ";1,2:1;LED;30.000;"Horizontale en verticale keystone";Ja;"16:9 - 16:10";"HDMI 1.4/HDCP 1.4 port, USB Type-C port (which also supports 5V/1.5A power output), and one USB Type-A port that functions as a USB 2.0 reader, can provide 5V/1.5A power";"73 ms";"29 dB";Ja;"14x12x04 cm";;;"1,0 Kg";"24 Maanden";"Bluetooth-ondersteuning en ingebouwde accu";test
158372819;"Viewsonic X1-4KE Pro";0766907030860;0766907030860;;"Home Cinema & Gamen";"3840 x 2160    4K UHD";"3300 ANSI Lumen";"3.000.000:1 ";1.15-1.5:1;LED;30.000;"H:+/-40° , V:+/-40°";✅;16:9;"HDMI: 2. (HDMI 2.0, HDCP 1.4/2.2) USB Type C: 1 (5V/1A) Audio-in (Bluetooth): 1 (BT4.2) USB Type A: 1. (USB2.0 Reader) Wifi Input: 1 (5Gn)";"4,2 ms";33dB;"Ja (Apps middels Dongle of Chromecast)";"35x25x12 cm";;;5,5Kg;"36 Maanden";"Lage input lag 4,2ms";"Geen HDMI kabel meegeleverd"
158372909;"Viewsonic X2-4KE Pro";000000000006410693;0766907030891;000000000006410693;"Home Cinema & Gamen";"3840 x 2160    4K UHD";"3300 ANSI Lumen";"3.000.000:1 ";1.15-1.5:1;LED;30.000;"H:+/-40° , V:+/-40°";✅;16:9;"HDMI: 2. (HDMI 2.0, HDCP 1.4/2.2) USB Type C: 1 (5V/1A) Audio-in (Bluetooth): 1 (BT4.2) USB Type A: 1. (USB2.0 Reader) Wifi Input: 1 (5Gn)";"4,2 ms";33dB;"Ja (Apps middels Dongle of Chromecast)";"35x25x12 cm";;;5,5Kg;"36 Maanden";"Lage input lag 4,2ms";"Geen HDMI kabel meegeleverd"
158697139;"Epson EB-L890E - WUXGA - 8000 Lumen - Laser";EPS-V11HB24040;8715946737928;EPS-V11HB24040;"Zakelijk gebruik, onderwijs, grote zalen, conferenties";"WUXGA (1920×1200) met 4K-beeldverbetering";"8.000 ANSI lumen";5.000.000:1;"1.35 – 2.2:1";3LCD-laser;"20.000 uur (normaal), 30.000 uur (Eco-modus)";"Horizontaal en verticaal ±30°";"Wi-Fi 6, HDBaseT, netwerkintegratie, Crestron-compatibel";"16:10 ";"3× HDMI, 3× USB (2× Type-A, 1× Type-B), RS-232C, HDBaseT, LAN, Wi-Fi";"n.v.t. / niet gespecificeerd";"36 dB (normaal), 26 dB (Eco)";"Ja (Wi-Fi 6)";"440 × 340 × 138 mm";;;"8,5 kg";"2 jaar of 20.000 gebruiksuren (welk het eerst wordt bereikt)";"Flexibele installatie met brede lens-shift en 1,6× zoom";"Geen 3D-ondersteuning"
159447446;"Epson EB-L690SE - WUXGA - 6000 Lumen - Laser";EPS-V11HB36080;8715946737904;EPS-V11HB36080;"Zakelijk, Onderwijs, Grote zalen";"WUXGA (1920 × 1200) met 4K Enhancement";"6000 ANSI Lumen";5.000.000:1;"0,50 – 0,70:1 (short throw)";"3LCD Laser";"20.000 u (Normaal) / 30.000 u (Eco)";"±30° verticaal & horizontaal, Corner Focus, Quick Corner";"iProjection-app, Netwerkprojectie, Webbeheer, Split Screen";"16:10 ondersteunt 16:9";"2× HDMI (HDCP 2.3), HDBaseT, LAN, RS-232, 2× USB-A, USB-B (service), NFC, optioneel Wi-Fi";n.v.t.;36dB;"Optioneel (via module)";"44x37x16 cm";;;9,3Kg;"36 Maanden";"Uitgebreide aansluitmogelijkheden (HDBaseT, LAN, HDMI, USB)";"Geen native 4K-resolutie (werkt met 4K Enhancement)"
159452587;"Epson EB-FH54";11884080;" 8715946738079";11884080;"Zakelijke presentaties, Onderwijs";"Full HD 1080p (1920×1080)";"4100 ANSI Lumen";16.000:1;"1,30 – 2,09:1";3LCD;"Lamp (tot 12.000 uur Eco)";"Automatisch verticaal ±30°, Quick Corner";"iProjection-app, Split-screen, Screen Mirroring";16:9;"2× HDMI, USB-A, USB-B (service), LAN (802.11a/b/g/n/ac), Miracast, Apple AirPlay 2";-;37dB;Ja;31x29x11cm;;;3,1Kg;"36 Maanden";"Draadloos delen via AirPlay 2 & Miracast";"Geen 4K-resolutie"
159780093;"Hisense PX3-PRO - 4K - 3000 ANSI - Ultra Short Throw Projector";6942351408262;6942351408262;;"Thuisbioscoop, Gaming, Woonkamer";"3840 x 2160    4K UHD";"3000 ANSI Lumen";"3000:1 native";"0.22:1 Ultra Short Throw";"TriChroma RGB-laser";"Tot 25.000 uur";"Digitale keystone correctie, autofocus";"VIDAA Smart OS, streaming-apps, AI-upscaler, MEMC";16:9;"3× HDMI (2× 2.1, incl. eARC), USB 2.0/3.0, Ethernet, WiFi 6E, Bluetooth";"Zeer laag (geschikt voor gaming, 4K/120Hz & 1080p/240Hz, Xbox-gecertificeerd)";32dB;"Ja, WiFi 6E";"55x12x30 cm";"80 inch";"150 inch";9Kg;"24 Maanden";"Xbox-gecertificeerde game-ervaring met lage input lag";"Voor optimaal contrast en kleuren is een UST-projectiescherm aan te raden"
159782938;"Hisense C2 Ultra - 4K - 3000 ANSI - Laser Projector";"Hisensec2-3000 Lumen";6942351409405;;"Home Cinema, Gaming, Woonkamer, Slaapkamer";"3840 x 2160    4K Ultra HD";"3000 ANSI lumen";2000:1;" ± 0.9:1";"3LCD Laser";"tot 20.000 uur";"Digitale keystone correctie";"VIDAA U7, Netflix, YouTube, Prime Video, Disney+, AirPlay 2, screen share";16:9;"HDMI 2.1 (eARC, ALLM), 2× USB 3.0, Ethernet RJ45, Bluetooth, WiFi dual-band, S/PDIF, koptelefoonuitgang";"≤ 60 ms (Game Mode)";32dB;Ja;"25x25x29 cm";;;6,3Kg;"36 Maanden";"Smart OS (VIDAA U7) met populaire apps en AirPlay 2";"Contrast lager dan high-end modellen"
159783748;"Hisense C2 Pro - 4K - 2600 ANSI - Laser Projector";"Hisensec2-2600 Lumen";6942351409481;;"Home Cinema, Gaming, Woonkamer, Slaapkamer";"3840 x 2160    4K Ultra HD";"2600 ANSI lumen ";2000:1;"± 0,9:1";"Laser (3LCD)";"tot 20.000 uur";"Digitale keystone-correctie";"VIDAA U7, Netflix, YouTube, Prime Video, Disney+, FIFA+, AirPlay 2, screen sharing";16:9;"HDMI 2.1 (eARC & ALLM), 2× USB 3.0, RJ45, WiFi dual-band, Bluetooth, S/PDIF, koptelefoonuitgang";"≤ 60 ms (Game Mode)";32dB;Ja;"25x25x26 cm";;;5,7Kg;"36 Maanden";"Haarscherpe 4K Ultra HD-weergave";"Contrast lager dan high-end modellen"
159785148;"Hisense C2 - 4K - 2000 ANSI - Laser Projector";"Hisensec2-2000 Lumen";6942351409382;;"Home Cinema, Woonkamer, Slaapkamer";"3840 x 2160    4K Ultra HD";"2000 ANSI Lumen";1700:1;"± 1,2:1";Laser;"tot 20.000 uur";"Digitale keystone correctie";"VIDAA U7, Netflix, YouTube, Prime Video, Disney+, FIFA+, AirPlay 2";16:9;"HDMI 2.1 (eARC), 2× USB 3.0, RJ45, Bluetooth, WiFi dual-band, S/PDIF, koptelefoonuitgang";n.v.t.;32dB;Ja;"25x25x25 cm";;;5,3Kg;"36 Maanden";;
159786713;"Epson EF-61W Diamantwit - FHD - 700 Lumen";EF61R-Diamantwit;8715946741529;EPS-V11HB72040;"Home Cinema";"1920 × 1080  Full HD 1080p";"700 ANSI Lumen";"5.000.000 : 1";"1,20 : 1";"3LCD x RGB-LED";"20.000 uur";"Automatisch verticaal ±20°, automatisch horizontaal ±20°, Auto Shape Correction, Quick Corner";"Google TV, Chromecast, Google Assistant, automatische bronherkenning, spelmodus";16:9;"HDMI (ARC/eARC), USB-A, USB-B (service), Bluetooth, WiFi (IEEE 802.11 a/b/g/n/ac)";n.v.t.;24dB;Ja;"20x19x8 cm";;;6,5Kg;"36 Maanden";"Full HD-beeld met HDR10/HLG";"700 lumen: vooral geschikt voor donkere of verduisterde ruimtes"
159787511;"Epson Lifestudio Pop EF-61G Ijsgroen - FHD - 700 Lumen";EF61R-Ijsgroen;8715946741543;EPS-V11HB72340;"Home Cinema";"1920 × 1080  Full HD 1080p";"700 ANSI Lumen";"5.000.000 : 1";"1,20 : 1";"3LCD x RGB-LED";"20.000 uur";"Automatisch verticaal ±20°, automatisch horizontaal ±20°, Auto Shape Correction, Quick Corner";"Google TV, Chromecast, Google Assistant, automatische bronherkenning, spelmodus";16:9;"HDMI (ARC/eARC), USB-A, USB-B (service), Bluetooth, WiFi (IEEE 802.11 a/b/g/n/ac)";n.v.t.;24dB;Ja;"20x19x8 cm";;;6,5Kg;"36 Maanden";"Full HD-beeld met HDR10/HLG";"700 lumen: vooral geschikt voor donkere of verduisterde ruimtes"
159788066;"Epson Lifestudio EF-61R Rozenkwarts - FHD - 700 Lumen";EF61R-Rozenkwarts;8715946741536;EPS-V11HB72240;"Home Cinema";"1920 × 1080  Full HD 1080p";"700 ANSI Lumen";"5.000.000 : 1";"1,20 : 1";"3LCD x RGB-LED";"20.000 uur";"Automatisch verticaal ±20°, automatisch horizontaal ±20°, Auto Shape Correction, Quick Corner";"Google TV, Chromecast, Google Assistant, automatische bronherkenning, spelmodus";16:9;"HDMI (ARC/eARC), USB-A, USB-B (service), Bluetooth, WiFi (IEEE 802.11 a/b/g/n/ac)";n.v.t.;24dB;Ja;"20x19x8 cm";;;6,5Kg;"36 Maanden";"Full HD-beeld met HDR10/HLG";"700 lumen: vooral geschikt voor donkere of verduisterde ruimtes"
159797634;"Formovie Galaxy G1 LED smart";6978386830006;6978386830006;;"Home Cinema, Onderweg";"1920 x 1080    Full HD";"320 ANSI Lumen";2.000:1;1,25:1;"DLP® met LED-lichtbron";"20.000 uur";"Automatische trapezecorrectie";"Google TV, Netflix, YouTube, Streaming apps";16:9;"HDMI 2.1, USB 3.0, Audio 3,5 mm jack";"ca. 30–40 ms (niet voor competitief gamen)";28dB;Ja;"22x21x17 cm";;;4Kg;"24 Maanden";;"Beperkte helderheid (320 lumen), alleen geschikt voor verduisterde ruimtes"
159798707;"Optoma Photon Life PK31 – 4K UHD – 900 ANSI lumen – LED Projector";11897414;5055387668966;11897414;"Home Cinema en onderweg";"3840 x 2160    4K UHD";"900 ANSI Lumen";2.500.000:1;1,5–1,65:1;"DLP® met RGB LED";"30.000 uur";"Horizontaal & verticaal (±40°), handmatige zoom (1.1x)";"Nee (externe media via HDMI/USB)";16:9;"HDMI, USB, 3,5 mm audio-uitgang";N.v.t;32dB;"Nee (wel extern via dongle)";"24x22x12 cm";;;2,2Kg;"24 Maanden";;"Geen ingebouwd smart platform (apps alleen via externe bron)"
159799838;"Optoma PHOTON Life PK32 - 4K - 1100 ANSI  - LED Projector";11897415;5055387668973;11897415;"Home Cinema";"3840 x 2160    4K UHD";"1100 ANSI Lumen";250.000:1;1,5–1,65:1;"DLP® met 4 LED";"30.000 uur";"Horizontaal & verticaal (±40°), handmatige zoom (1.1x)";"Nee (externe media via HDMI/USB/USB-C)";16:9;"HDMI, USB, USB-C, 3,5 mm audio-uitgang";N.v.t.;32dB;"Nee (externe dongle nodig)";"24x22x12 cm";;;2,7Kg;"24 Maanden";;"Geen ingebouwd smart platform (apps via externe bron)"
159800385;"Optoma PHOTON Life PH31 - Full HD - 1500 ANSI - LED Projector";11897412;5055387668959;11897412;"Home Cinema";"1920 x 1080 Full HD";"1500 ANSI Lumen";250.000:1;"1.5 – 1.65:1";"DLP, LED-lichtbron";"30.000 uur";"Verticale keystone correctie (-30° tot +30°)";"Geen ingebouwd smart platform";16:9;"HDMI, USB (alleen voeding), 3.5mm audio-uitgang";N.v.t.;32dB;Nee;"24x22x13 cm";;;2,2Kg;"24 Maanden";;"Geen ingebouwd smart platform (zoals Android TV of Netflix-apps)"
159802455;"Optoma ZH551 - Full HD - 5500 ANSI - Laser Projector";11897411;5055387669062;11897411;"Zakelijke presentaties, Onderwijs, Home Cinema, Grote zalen";"1920 x 1080   Full HD";"5600 ANSI Lumen";"3000000:1 ";"1.4 – 2.24:1";"DLP® Laser";"30.000 uur";"Horizontaal/verticaal ±30°, lens shift verticaal +15%";"Nee (externe mediaspelers via HDMI/USB)";16:9;"2× HDMI, VGA, USB, RJ45, RS232, Audio in/out, 12V trigger";N.v.t.;30dB;"Nee (optioneel via externe adapter)";"28x22x11 cm";;;2,9Kg;"24 Maanden";;"Geen smart functies, externe bron vereist"
160179089;"Epson Lifestudio Flex EF-72 Eik - 4K - 1000 Lumen";EPS-V11HB76640;8715946741574;EPS-V11HB76640;"Home Cinema";"3840 x 2160    4K Pro UHD";"1000 ANSI Lumen";"5000000:1 ";"1,20 : 1";"3LCD x RGB-LED";"20.000 uur";"Automatische verticale en horizontale correctie, automatische focus, auto shape correction, obstakeldetectie";"Google TV, Chromecast, Google Assistant, Intelligent Instant Setup";16:9;"HDMI (ARC/eARC), USB Type-C, Bluetooth, WiFi (IEEE 802.11 a/b/g/n/ac)";;24dB;Ja;"20x19x8 cm";;;"1,8 Kg";"36 Maanden";"Google TV & Intelligent Instant Setup voor direct gebruik";"1.000 lumen: beste prestaties in verduisterde of gedimde ruimtes"
160470143;"Epson EH-LS670B - 4K - 3600 Lumen - Laser";LS670W-Zwart;8715946742663;EPS-V11HB82140;"Home Cinema, Woonkamer";"3840×2160 met pixelshift 4K PRO-UHD";"3600 ANSI Lumen";"5.000.000:1 (Ultra hoog)";"0,25 – 0,62:1 (Ultra Short Throw)";"3LCD Laser";"20.000 uur";"Automatische uitlijning, 4-punts correctie, Arc Correction, Quick Corner";"Google TV, Bluetooth, WiFi";16:9;"2× HDMI (HDCP 2.3, ARC/eARC), 2× USB-A, USB-B service, Bluetooth, WiFi, Digitale coax-audio-uitgang";"Automatische Lage Latentiemodus (ALLM) – lage inputlag (gaming geschikt)";29dB;Ja;"46,7 × 40 × 15,3cm";;"120 inch";7,4Kg;"60 maanden of 12.000 uur";"Google TV & Chromecast voor direct streamen";"Voor het beste beeld bij omgevingslicht adviseren wij een UST ALR-scherm"
160601207;"Epson EH-LS670W - 4K - 3600 Lumen - Laser";"LS123- LS670 Wit";8715946742656;EPS-V11HB82040;"Home Cinema, Woonkamer, Gaming,";"3840×2160 met pixelshift 4K PRO-UHD";"3600 Lumen";"5.000.000:1 (Ultra hoog)";"0,25 – 0,62:1 (Ultra Short Throw)";3LCD;"20.000 uur";"Automatische uitlijning, 4-punts correctie, Arc Correction, Quick Corner";"Google TV, Chromecast ingebouwd, Google Assistant, Bluetooth, WiFi";16:9;"2× HDMI (HDCP 2.3, ARC/eARC), 2× USB-A, USB-B service, Bluetooth, WiFi, Digitale coax-audio-uitgang";"Automatische Lage Latentiemodus (ALLM) – lage inputlag (gaming geschikt)";29dB;Ja;"46,7 × 40 × 15,3cm";;;7,4Kg;"60 maanden of 12.000 uur";"Google TV & Chromecast voor direct streamen";"Geen 3D-ondersteuning"
160602868;"Lumenix NEO Zwart - Full HD ";NEO123-Zwart;8721161854142;AIR;"Home cinema, slaapkamer, mobiele beamer";"1920 x 1080 (Full HD)";"300 Lumen";-;"LED projector (Full HD)";;"50.000 uur";"Automatische 4D keystone-correctie";"Android 13, Google Play Store, Netflix, Disney+, YouTube, Prime Video, screen mirroring (AirPlay/Miracast), Bluetooth";16:9;"1x HDMI, 1x USB, 1x AUX, Wi-Fi 6, Bluetooth";-;Fluisterstil;"Ja, Wi-Fi 6";"20 x 10,7 x 10,5 cm";;;"980 g";"24 Maanden";"Stofvrij ontwerp met zijopening voor reiniging";"Lage helderheid (300 ANSI lumen – alleen geschikt voor donkere ruimtes)"
160603835;"Lumenix AIR - Full HD - 500 lumen - Wit";Lumenix123-Wit;8721161854166;AIR;"Home cinema, slaapkamer, mobiel ";"1920 × 1080 (Full HD)";"500  Lumen";2000:1;1.3:1;"LED (Full HD)";"30.000 uur";"Automatische keystone-correctie";"Movin OS 2.0, Netflix, Disney+, Prime Video, YouTube, app store, WiFi streaming, Bluetooth audio";16:9;"HDMI, USB, 3.5mm audio, USB-C voeding, WiFi 6, Bluetooth 5.2";-;"stil in gebruik";"Ja, WiFi 6";"13,5 × 11,7 × 19,5 cm";;;"1,1 kg";"24 Maanden";"Automatische focus en keystone-correctie";"500 ANSI lumen vereist verduisterde ruimte voor beste beeldkwaliteit"
160605345;"XGIMI Horizon 20 - 4K - 3200 ISO - Google TV";"XGIMIHorizon- 3200 ISO";6935670509369;XR13A;"High-end home cinema, gaming, films & series";"4K Ultra HD (3840 × 2160)";"3200 ISO lumen";20.000:1;"1.2 – 1.5:1";"DLP met RGB Triple Laser";"20.000 uur (laserlichtbron)";"Autofocus, automatische keystone-correctie, lens shift (V ±20%, H ±45%), optische zoom";"Google TV, Chromecast, Google Assistant, appstore (Netflix, Disney+, Prime Video, YouTube e.a.)";16:9;"2× HDMI (waarvan 1× eARC), 1× USB 3.0, 1× USB 2.0, Optical out, 3,5 mm audio, WiFi 6, Bluetooth 5.2";"1 ms (1080p/240 Hz), 2,2 ms (1080p/120 Hz), 3 ms (4K/60 Hz) – zeer geschikt voor gaming";"28 dB";"Ja, WiFi 6";"24,9 × 29,8 × 19 cm";;;"4,8 Kg";"24 Maanden";"1 ms input lag en hoge verversingssnelheden, ideaal voor veeleisende gamers";"Geen Ultra Short Throw-lens; heeft enige afstand tot het scherm nodig"
160606430;"XGIMI Horizon 20 Pro - 4K - 4100 ISO - Google TV";"XGIMIHorizon- 4100 ISO";6935670509246;XR14A;"Home cinema, gaming, sport";"4K UHD (3840×2160)";"4100 ISO lumen";20.000:1;"1.2 – 1.5 : 1";"DLP + RGB Triple Laser";"20.000 uur";"Auto-keystone, lens shift, optische zoom";"Google TV, Chromecast, Assistant, app store";16:9;"2× HDMI (eARC), USB 3.0, USB 2.0, Audio out, Optical out, WiFi 6, Bluetooth 5.2";"1 ms (1080p/240 Hz), 2.2 ms (1080p/120 Hz), 3 ms (4K/60 Hz)";"28 dB";"Ja – WiFi 6";"24,9 × 29,8 × 19 cm";;;"4,8 Kg";"24 Maanden";"Harman Kardon speakers met Dolby & DTS";"Geen UST (heeft ruimte nodig)"
160607091;"XGIMI Horizon 20 Max - 4K - 5700 ISO - Google TV";"XGIMIHorizon- 5700 ISO";6935670509895;XR16A;"Home Cinema, Gaming, Streaming, Grote woonkamers, Lichte ruimtes";"4K UHD (3840×2160) – 4K PRO Laser";"5700 ISO Lumen";20.000:1;"1.2 – 1.5 : 1";"RGB Triple Laser (40 laserchips)";"20.000 uur (Laser)";"Automatisch, 4-punts, ISA 3.0, Screen Alignment, Obstacle Avoidance";"Google TV, Chromecast Built-in, Google Assistant, Netflix/Disney+/Prime Video apps";16:9;"2× HDMI (1× eARC), 2× USB 3.0, WiFi 6, Bluetooth 5.2";"1 ms (1080p/240Hz) 2,2 ms (1080p/120Hz) 3 ms (4K/60Hz)";30dB;"Ja, WiFi 6";"26x27x16 cm";;"300 inch";6,5Kg;"24 Maanden";"IMAX Enhanced & Dolby Vision ondersteuning";"Geen Ultra Short Throw – heeft meer projectieafstand nodig"
160611033;"XGIMI MoGo 4 LED - FHD - 450 ISO - Google TV";;6935670507358;WK08K;"Home Cinema & Onderweg";"1920 x 1080 FULL HD";"450 ISO Lumen";"1.000:1 ";1.2:1;LED;30.000;"Horizontale en verticale keystone";✅;16:9;"Full-size HDMI (ARC; EDID 1.4/2.0 selectable); USB-C power";"20 ms";"26 dB";Ja;"376 x 506 x 201 mm";;;"4,9 Kg";"24 Maanden";"Google TV met ingebouwde App Store & Chromecast";"In hele lichte ruimte minder goed "
160642192;"Lumenix NEO - Wit";NEO123-Wit;8721161854135;AIR;"Home cinema, slaapkamer, mobiele beamer";"1920 x 1080 (Full HD)";"300 Lumen";-;"LED projector (Full HD)";;"50.000 uur";"Automatische 4D keystone-correctie";"Android 13, Google Play Store, Netflix, Disney+, YouTube, Prime Video, screen mirroring (AirPlay/Miracast), Bluetooth";16:9;"1x HDMI, 1x USB, 1x AUX, Wi-Fi 6, Bluetooth";-;Fluisterstil;"Ja, Wi-Fi 6";"20 x 10,7 x 10,5 cm";;;"980 g";"24 Maanden";"Stofvrij ontwerp met zijopening voor reiniging";"Lage helderheid (300 ANSI lumen – alleen geschikt voor donkere ruimtes)"
160960898;"JMGO O2S Ultra";JA1-8T2;6959422615948;;"Home Cinema";"3840 x 2160    4K UHD";"3600 ISO Lumen";"3000000 : 1";"0,16 : 1 (Ultra Short Throw)";"MALC™ RGB Pure Triple Laser 3.0 (DLP)";"Tot 30.000 uur (laserlichtbron)";"Automatische en handmatige keystone-correctie";"Google TV, Google Assistant, Chromecast ingebouwd";16:9;"HDMI, USB, Bluetooth, Wi-Fi";"Laag (geschikt voor casual gaming)";"26 dB";"Ja Wifi 6";31,2x29x14;;;4,5Kg;"24 Maanden";"Compact & stijlvol design – past op vrijwel elk tv-meubel";"Minder geschikt voor competitief gamen"
161214312;"XGIMI MoGo 4 Laser - FHD - 550 ISO - Google TV";WK03K;6935670507495;WK03K;"Home Cinema & Onderweg";"1920 x 1080 FULL HD";"550 ISO Lumen";"1.000:1 ";1.2:1;"Laser lichtbron met lange levensduur (30.000 uur)";30.000;"Horizontale en verticale keystone";✅;16:9;"Full-size HDMI (ARC; EDID 1.4/2.0 selectable); USB-C power";"20 ms";"26 dB";Ja;"376 x 506 x 201 mm";;;"4,9 Kg";"24 Maanden";"Google TV met ingebouwde App Store & Chromecast";"In hele lichte ruimte minder goed "
161262104;"Epson EB-FH18 - FHD - 4000 Lumen";8715946738598;8715946738598;EPS-V11HB59240;"Onderwijs, zakelijk gebruik, presentaties, vergaderruimtes";"1920 x 1080    Full HD";"4000 ANSI Lumen";"16.000 : 1";"1.30 – 2.09 : 1";3LCD;"5.500 uur (normaal) 12.000 uur (eco-modus)";"Horizontaal ±30° Verticaal ±30°";"Geen Smart TV,  Draadloos presenteren via Wi-Fi & Miracast";"16 : 9";"2× HDMI Wi-Fi (802.11 a/b/g/n/ac) Miracast USB Type-B (service)";"Geschikt voor presentaties, niet voor competitief gamen";"37 dB";Ja;31x29x11cm;;;"3,1 Kg";"24 Maanden";"Wi-Fi & Miracast voor draadloos presenteren";"Geen Smart TV-functionaliteiten"
161263031;"Epson EH-TW840 - FHD - 4000 Lumen";8715946738604;8715946738604;EPS-V11HB63040;"Home Cinema";"1920 x 1080    Full HD";"4000 ANSI Lumen";"16.000 : 1";"1.21 – 1.45 : 1";3LCD;"6.000 uur (normaal) 12.000 uur (eco-modus)";"Horizontaal ±30° Verticaal ±30°";"Geen Smart TV Geen ingebouwde streamingapps";"16 : 9";"2× HDMI USB Type-B (service)";"Geschikt voor casual gaming, niet voor competitief gamen";"37 dB";Nee;"30x26x10 cm";;;"2,7 Kg";"24 Maanden ";"Compact en licht ontwerp";"Geen Wi-Fi of smart functies"
161279840;"Optoma UHZ35";11488871;5055387668898;11488871;"Home Cinema & Gamen";"3840 x 2160    4K UHD";"3500 ANSI Lumen";"2.000.000:1 ";1.6:1;Laser;30.000;"horizontaal + verticaal, +/-30°.";⛔;16:9;"2x HDMI 2.0 input - 1.5A USB Type A - 3.5mm stereo minijack output - RS-232C ";"4,4 ms";"28 dB";"Nee (middels Dongle of Chromecast)";"27x21x11 cm";;;"3,0 Kg";"36 Maanden";"Milieu vriendelijk ontwerp";"Geen HDMI kabel meegeleverd"
161308705;"Epson EB-L260F";EPS-V11HA69080;8715946715452;EPS-V11HA69080;"Kantoor, School en Thuis";"1920 x 1080 FULL HD";"4600 ANSI Lumen";"5.000.000:1 ";"1.35:1 tot 2.2:1";"Laser lichtbron met lange levensduur (30.000 uur)";30.000;"Horizontaal 40 °,  Verticaal 40 °.";"Wifi ";"16:10 - 16:9";"USB, RS-232C, Ethernet, Wi-Fi Direct, VGA, HDMI, Miracast";"42 ms";"30 dB";Ja;"25x29x09 cm";;;"4,2 Kg";"24 Maanden";"Grote throw ratio voor eenvoudige plaatsing";Geen
161328516;"Anker Nebula Capsule 3 Laser - Full HD - 300 ANSI Lumen";ANK-D2426212;194644112257;ANK-D2426212;"Home Cinema & Onderweg";"1920 x 1080 FULL HD";"300 ANSI Lumen";"500:1 ";1.2:1;"DLP Laser";30.000;"Horizontale en verticale keystone tot 40°";"Smart Beamer met Apps en Mirror Functie";16:9;"1x HDMI 2.1, 1x USB-C, WiFi, Bluetooth";"87 ms";"26 dB";Ja;"83 × 83 × 170 mm";;"120 inch";"900 gram";"24 Maanden";"Google TV met populaire streamingapps";"300 ANSI lumen – komt het beste tot zijn recht in een verduisterde ruimte"
161372927;"Epson EB-L790SU - WUXGA - 7000 Lumen - Laser";;8715946737997;EPS-V11HB30040;"Grote Zalen en Evenementen";"1920 x 1200 WUXGA";"7000 ANSI Lumen";"5.000.000:1 ";"0.79 : 1 tot 1.36 : 1";"Laser lichtbron met lange levensduur (30.000 uur)";30.000;"Horizontaal 40 °,  Verticaal 40 °.";"Ja (Apps middels Dongle of Chromecast)";16:10;"USB 2.0-A (2x), USB 2.0 Type B (Service Only), RS-232C, Ethernet interface (100 Base-TX / 10 Base-T), Wireless LAN IEEE 802.11a/b/g/n/ac, HDMI out, HDBaseT, Miracast, HDMI (HDCP 2.3) (2x), Jack plug out, Near Field Communication (NFC)";"62 ms";"29 dB";Ja;"44x36x15 cm";;;"9,2 Kg";"36 Maanden";"Veelzijdige aansluitmogelijkheden";"Geen HDMI kabel meegeleverd"
161373535;"Epson EB-L695SE - WUXGA - 6000 Lumen - Laser";;8715946737911;EPS-V11HB36180;"Zakelijk, Onderwijs, Grote zalen";"WUXGA (1920 × 1200) met 4K Enhancement";"6000 ANSI Lumen";5.000.000:1;"0,50 – 0,70:1 (short throw)";"3LCD Laser";"20.000 u (Normaal) / 30.000 u (Eco)";"±30° verticaal & horizontaal, Corner Focus, Quick Corner";"iProjection-app, Netwerkprojectie, Webbeheer, Split Screen";"16:10 ondersteunt 16:9";"2× HDMI (HDCP 2.3), HDBaseT, LAN, RS-232, 2× USB-A, USB-B (service), NFC, optioneel Wi-Fi";n.v.t.;36dB;"Optioneel (via module)";"44x37x16 cm";;;9,3Kg;"36 Maanden";"Uitgebreide aansluitmogelijkheden (HDBaseT, LAN, HDMI, USB)";"Geen native 4K-resolutie (werkt met 4K Enhancement)"
161373666;"BenQ LK835ST";BNQ-9H.JT577.13E;4718755095436;BNQ-9H.JT577.13E;"Home Cinema & Zakelijk";"3840 x 2160    4K UHD";"4000 ANSI Lumen";"20.000:1 ";" 0.69 – 0.83 : 1";"Single Laser";30.000;"Horizontale en verticale keystone";"Ja (Apps middels Dongle of Chromecast)";"16:9 - 16:10";;;30dB;Ja;"30x23x12 cm";;;"3,4 Kg";"24 Maanden";"Veel dynamische kleuren";geen
161374130;"Anker Nebula Mars 3";;194644135683;ANK-D2333211;"Home Cinema & Onderweg";"1920 x 1080 FULL HD";"1000 ANSI Lumen";"400:1 ";"1.2 : 1";DLP;25.000;"Auto Keystone & Scherpstellen ";ja;16:9;"HDMI 2.1/ARC, USB-A, USB-C, and a 3.5mm AUX-Out";"27 ms";"30 dB";Ja;"26x25x16 cm";;;4,5Kg;"24 Maanden";"Android TV 11 voor directe toegang tot apps";"Gebruik in daglicht laat te wensen over"
161687427;"Epson EB-L265F - Full HD - 4600 ANSI Lumen";" EPS-V11HA72180";8715946715490;" EPS-V11HA72180";"Kantoor, School en Thuis";"1920 x 1080 FULL HD";"4600 ANSI Lumen";"5.000.000:1 ";"1.35:1 tot 2.2:1";"Laser lichtbron met lange levensduur (30.000 uur)";30.000;"Horizontaal 40 °,  Verticaal 40 °.";"Wifi ";"16:10 - 16:9";"USB, RS-232C, Ethernet, Wi-Fi Direct, VGA, HDMI, Miracast";"42 ms";"30 dB";Ja;"25x29x09 cm";"70 inch";"200 inch";"4,2 Kg";"24 Maanden";"Grote throw ratio voor eenvoudige plaatsing";Geen
161699036;"Lumenix AIR - Full HD - 500 lumen - Zwart";Lumenix123-Zwart;8721161854258;"AIR zwart ";"Home cinema, slaapkamer, mobiel ";"1920 × 1080 (Full HD)";"500  Lumen";2000:1;1.3:1;"LED (Full HD)";"30.000 uur";"Automatische keystone-correctie";"Google TV, Netflix, Disney+, Prime Video, YouTube, app store, WiFi streaming, Bluetooth audio";16:9;"HDMI, USB, 3.5mm audio, USB-C voeding, WiFi 6, Bluetooth 5.2";-;"stil in gebruik";"Ja, WiFi 6";"13,0 x 14,1 x 19,5 cm";"70 inch";"200 inch";"1,4 kg";"24 Maanden";"Automatische focus en keystone-correctie";"500 ANSI lumen vereist verduisterde ruimte voor beste beeldkwaliteit"
161762231;"XGIMI Vibe One Pro - Full HD - 200 ISO - Google TV";WM03H;6935670510051;WM03H;"Home Cinema & Onderweg";"1920 x 1080 FULL HD";"250 ISO Lumen";"1.500:1 ";1.3:1;"LED-lichtbron met lange levensduur tot 30.000 uur";30000;"Automatische keystone-correctie en autofocus";Ja;16:9;"1 × HDMI (ARC), 1 × USB-A 2.0 (media/voeding) en 1 × USB-C (input).";"10 ms";"28 dB";Ja;"28,6 × 11,5 × 13,5 cm";"70 inch";"150 inch";"1,2 Kg";"24 Maanden";"Ingebouwde batterij ";"Geen HDMI kabel meegeleverd"
161775563;"Valerion VisionMaster Pro 2";255118;0850067089049;255118;"Home Cinema";"3840 x 2160    4K UHD";"3000 ISO Lumen";"15.000:1 ";"0.9:1 – 1.5:1";Laser;30.000;"Horizontaal 30 °,  Verticaal 30 °.";Ja;"16:9 - 21:9";"three HDMI ports (two HDMI 2.1, one HDMI 2.0 with eARC), two USB-A ports (one 3.0, one 2.0), an RJ45 Ethernet port, 3.5mm analog audio out, and a S/PDIF optical digital audio port";"4 ms";"26 dB";Ja;"26x28x21 cm";"70 inch";"200 inch";"7,5 Kg";"36 Maanden";"Strak design";"Geen Accu "
161776327;"Valerion VisionMaster MAX";255348;0850067089032;255348;"Home Cinema";"3840 x 2160    4K UHD";"3500 ISO Lumen";"50000:1 Dynamic IRIS contrast";"0.9:1 – 1.5:1";Laser;30.000;"Horizontaal 30 °,  Verticaal 30 °.";Ja;"16:9 - 21:9";"three HDMI ports (two HDMI 2.1, one HDMI 2.0 with eARC), two USB-A ports (one 3.0, one 2.0), an RJ45 Ethernet port, 3.5mm analog audio out, and a S/PDIF optical digital audio port";"4 ms";"26 dB";Ja;"26x28x21 cm";"70 inch";"200 inch";"7,5 Kg";"36 Maanden";"Strak design";"Geen Accu "
161779264;"BenQ LW650";BNQ-9H.JS677.13E;4718755092145;BNQ-9H.JS677.13E;"Kantoor, School en Thuis";"1280 x 800 WXGA";"4000 ANSI Lumen";"20.000:1 ";1.4:1;LCD;10.000;"Horizontale en verticale keystone";"Ja (Apps middels Dongle of Chromecast)";"16:10 ";"two HDMI 2.0 (HDCP 2.2) ports, a USB-C port with DisplayPort (DP Alt Mode) and 5V/1A power delivery, and dual USB Type-A ports";"45 ms";30dB;"Nee (middels Dongle of Chromecast)";"26x27x16 cm";"70 inch";"200 inch";4,5Kg;"36 Maanden";"Eenvoudig op te zetten";"Geen HDMI kabel meegeleverd"
161781910;"BenQ LH600ST+";BNQ-9H.JS477.1LE;4718755094989;BNQ-9H.JS477.1LE;"Kantoor, School en Thuis";"1920 x 1080 FULL HD";"3000 ANSI Lumen";"20.000:1 ";1.2:1;LED;20.000;"Horizontale en verticale keystone";"Nee (middels Dongle of Chromecast)";"16:9 - 16:10";"HDMI: 2x HDMI 1.4a (HDCP 1.4) USB Type A: 2x USB 2.0 ports 1x USB Type A (for 1.5A power supply/Wi-Fi dongle) 1x USB Type A (for 1.5A power/firmware upgrades) RS232 In: 1x D-sub 9pin (male) Audio Out: 1x 3.5mm Mini Jack";"40 ms";"32 dB";"Ja (Apps middels Dongle of Chromecast)";"26x27x16 cm";"70 inch";"200 inch";"3,5 Kg";"36 Maanden";"Zwarte uitvoering";"Apps middels Google Streamer "
161877143;"Hisense L9Q - 4K UHD - Ultra Short Throw - 5000 lumen ";L9Q;6942351422992;L9Q;"Thuisbioscoop, woonkamer, films, series en gaming";"4K Ultra HD (3840 × 2160)";"5000 ANSI Lumen";"5.000:1 ";"0,18:1 – Ultra Short Throw";"DLP, RGB Triple Laser – LPU® Digital Laser Engine 2.0";30.000;"Horizontale en verticale keystone";Ja;16:9;"4x HDMI (2x HDMI 2.1 met ALLM, 2x HDMI 2.0 waarvan 1x eARC/CEC), 1x USB 3.0, 1x USB 2.0, 1x USB-C 3.0 (data)";"12 ms";"26 dB";"Ja – 2,4 GHz / 5 GHz";"62,4 x 31,7 x 16,6 cm";"70 inch";"200 inch";"12,7 Kg";"36 Maanden";"VIDAA U7 smart platform met populaire streamingdiensten en Apple AirPlay";"Voor het beste resultaat adviseren wij een ALR-scherm"
161877749;"XGIMI Titan - 4K UHD - Normal Throw - 5000 lumen ";XR03B;6935670512888;XR03B;"Home Cinema";"3840 x 2160    4K UHD";"5000 ISO Lumen";"5.000.000:1 ";"1,2 - 1,8:1";"Dual Laser (Dual Light 2.0), levensduur 30.000 uur";30.000;"Automatische horizontale en verticale keystone + autofocus + automatische lens shift";Ja;16:9;"Twee HDMI-poorten voor het aansluiten van gameconsoles, mediaspelers of streamingapparaten en USB 3.0-poorten voor externe opslagapparaten tot 2 TB. Daarnaast ondersteunt de projector 5 GHz Wi-Fi voor draadloze netwerkverbindingen en Bluetooth voor het ko";"19 ms";"32 dB";"Ja WiFi 6 Dual Band";"44,1 x 34,5 x 15,8 cm";"70 inch";"250 inch";"11,5 Kg";"24 Maanden";"5000 ISO lumen 4K‑weergave voor heldere, levendige beelden overdag";"Geen HDMI kabel meegeleverd"
161957085;"Epson EH-LS970W - 4K UHD - UST - 4000 Lumen";ls970-wit;8715946744674;EPS-V11HB83040;"Home Cinema";"4096 x 2160  Native 4K UHD";"3600 ANSI Lumen";"5.000.000:1 ";"0,16 - 0,40:1";Laser;30.000;"Horizontale en verticale keystone";"Google TV en een native Netflix app";16:9;"drie HDMI-poorten met HDCP 2.3 (waarvan één ARC-aansluiting) en drie USB-poorten.";"12 ms";"27 dB";Ja;"69x34x16 cm";"70 inch";"200 inch";"12,4 Kg";"60 Maanden";"Ingebouwde Google TV en Netflix voor eindeloos entertainment";"Vrij zwaar"
161957885;"Epson EH-LS970B - 4K UHD - UST - 4000 Lumen ";ls970-zwart;8715946744681;" EPS-V11HB83140";"Home Cinema";"4096 x 2160  Native 4K UHD";"3600 ANSI Lumen";"5.000.000:1 ";"0,16 - 0,40:1";Laser;30.000;"Horizontale en verticale keystone";"Google TV en een native Netflix app";16:9;"drie HDMI-poorten met HDCP 2.3 (waarvan één ARC-aansluiting) en drie USB-poorten.";"12 ms";"27 dB";Ja;"69x34x16 cm";"70 inch";"200 inch";"12,4 Kg";"60 Maanden";"Ingebouwde Google TV en Netflix voor eindeloos entertainment";"Vrij zwaar"
162087955;"Formovie Galaxy G1 LED smart - Showroom  model zo goed als nieuw!";6978386830006;6978386830006;;"Home Cinema, Onderweg";"1920 x 1080    Full HD";"320 ANSI Lumen";2.000:1;1,25:1;"DLP® met LED-lichtbron";"20.000 uur";"Automatische trapezecorrectie";"Google TV, Netflix, YouTube, Streaming apps";16:9;"HDMI 2.1, USB 3.0, Audio 3,5 mm jack";"ca. 30–40 ms (niet voor competitief gamen)";28dB;Ja;"22x21x17 cm";"70 inch";"200 inch";4Kg;"24 Maanden";;"Beperkte helderheid (320 lumen), alleen geschikt voor verduisterde ruimtes"
162150707;"Epson EB-815E - 4K - 5000 Lumen - Laser ";TER123RES-Zwart;8715946726540;EPS-V11HA99180;"Zakelijk gebruik";"1920 x 1200  WUXGA (met 4KE Support)";"5000 ANSI Lumen";"2.500.000:1 ";"0,16 - 0,40:1";;;"horizontale en verticale keystone correctie";;"16:9 - 21:9";"Interfaces. USB 2.0-A (2x), USB 2.0 Type B (Service Only), RS-232C, Ethernet interface (100 Base-TX / 10 Base-T), Wireless LAN IEEE 802.11a/b/g/n/ac, HDMI in (2x), HDMI out, HDBaseT, Miracast. Epson iProjection App. Ad-Hoc / Infrastructure. Network Protoc";"19,4 ms";30dB;Ja;"70x35x16 cm";"70 inch";"200 inch";12,5Kg;"36 Maanden";"Werkt met systemen als AMX, Extron, Crestron & Control4";"Geen beugel bijgeleverd"
162155673;"Sony VPL-XW5100/B - 4K - Bravia 7 Projector";TER1234RES-Zwart;4548736171886;" VPL-XW5100/B";"Home Cinema";"3840 x 2160    4K UHD";"2200 ANSI Lumen";"16.000:1 ";" 1.38-2.21:1";"Laser lichtbron met lange levensduur (30.000 uur)";30.000;" Zoom Ratio. Approx. x1.6 · Lens Shift. Vertical +/- 71 %, Horizontal +/- 25 % ";Geen;16:9;"two HDMI 2.1 inputs (HDCP 2.3) supporting 4K/120Hz and Auto Low Latency Mode (ALLM). It also includes an RJ45 Ethernet port, a USB Type-A port for updates, an RS-232C remote port, a 12V DC trigger, and an IR input, supporting modern 4K/120fps gaming and h";"12 ms";"24 dB";"Nee (middels Dongle of Chromecast)";"46x18x20 cm";"70 inch";"200 inch";"13,0 Kg";"36 Maanden";"4K tot 120 Hz en lage input lag";"Geen HDMI kabel meegeleverd"
162155939;"Sony VPL-XW5100/W - 4K - Bravia 7 Projector ";TER1234RES-Wit;4548736162471;" VPL-XW5100/W";"Home Cinema";"3840 x 2160    4K UHD";"2200 ANSI Lumen";"16.000:1 ";" 1.38-2.21:1";"Laser lichtbron met lange levensduur (30.000 uur)";30.000;" Zoom Ratio. Approx. x1.6 · Lens Shift. Vertical +/- 71 %, Horizontal +/- 25 % ";Geen;16:9;"two HDMI 2.1 inputs (HDCP 2.3) supporting 4K/120Hz and Auto Low Latency Mode (ALLM). It also includes an RJ45 Ethernet port, a USB Type-A port for updates, an RS-232C remote port, a 12V DC trigger, and an IR input, supporting modern 4K/120fps gaming and h";"12 ms";"24 dB";"Nee (middels Dongle of Chromecast)";"46x18x20 cm";"70 inch";"200 inch";"13,0 Kg";"36 Maanden";"4K tot 120 Hz en lage input lag";"Geen HDMI kabel meegeleverd"
162201065;"Optoma UZ38X - 4K - 3800 Lumen - Gaming - Normal Throw";;5055387600386;12277826;"Home Cinema";"3840 x 2160    4K UHD";"3800 ISO Lumen";"1.500.000:1 ";"1,21 - 1,59 :1";"Laser lichtbron ";"30.000 uur";"Horizontale en verticale keystone";Geen;16:9;" Inputs 2 x HDMI 2.0 ; Outputs 1 x Audio 3.5mm, 1 x S/PDIF, 1 x USB-A power 1.5A ; Control 1 x RS232, 1 x 12V trigger";"4,6 ms";30dB;"Nee (middels Dongle of Chromecast)";"23,8 x 21,5 x 13.0 cm";"70 inch";"200 inch";"3,4 Kg";"36 Maanden";"Filmmaker modus voor realistische weergave";test
162202881;"Optoma UHZ68LV-W - 4K - 5000 lumen - Laser Projector ";UHZ68-Wit;5055387669291;12246240;"Home Cinema & Gamen";"3840 x 2160    4K UHD";"5000 ANSI Lumen";" 3,200,000:1";"1.2:1 ~ 1.92:1";DLP;30.000;"Horizontale en verticale keystone";✅;16:9;"3 x HDMI 3 x USB Type-A 1x 3,5 mm mini jack uitgang 1 x netwerk aansluiting";8.50ms;"31 dB";Nee;"49,8x17,1x33,1 cm";"70 inch";"200 inch";"9,2 Kg";"36 Maanden";"5000 ANSI Lumen";"Geen ingebouwde Smart TV"
162240773;"XGIMI Mogo 4 FC26 Match Night - Full HD - LED - 450 Lumen ";;6935670513731;WK08K-3;"Home Cinema & Onderweg";"1920 x 1080 FULL HD";"550 ISO Lumen";"1.000:1 ";1.2:1;"LED-lichtbron met lange levensduur tot 30.000 uur";30.000;"Horizontale en verticale keystone";Ja;16:9;"HDMI (ARC) and USB-A, plus USB-C with Power Delivery";"22 ms";30dB;Ja;"20x09x09 cm";"70 inch";"200 inch";"1,3 Kg";"36 Maanden";"Strak design";"Niet geschikt voor in de zon"
162242469;"Epson EF-62B - 4K - 700 Lumen - Mini Beamer";;8715946741550;EPS-V11HB73140;"Home Cinema & Onderweg";"3840 x 2160    4K UHD";"700 ISO Lumen";"5.000.000:1 ";1,2:1;3LCD;20.000;"Horizontale en verticale Auto keystone";Ja;16:9;"one HDMI (ARC/eARC) port, one USB-A 2.0 port for media, one USB-B 2.0 port (for service), a 3.5mm jack plug for audio output, along with built-in Wi-Fi 6 and Bluetooth 5.2 for wireless connectivity.";"32 ms";30dB;Ja;"19x19x07 cm";"70 inch";"200 inch";"1,6 Kg";"36 Maanden";"Sound by Bose";"Enkel in matig donkere ruimtes te gebruiken"
162245044;"Optoma Photon PK52 - 4K -3500 lumen - Laser beamer";;5055387668980;12246242;"Home Cinema";"3840 x 2160    4K UHD";"3500 ANSI Lumen";"1.500.000:1 ";" 1.21:1 ~ 1.59:1";Laser;30.000;"Horizontale en verticale keystone";"Nee (middels Dongle of Chromecast)";16:9;"Inputs 2 x HDMI 2.0. Outputs 1 x USB-A power 1.5A, 1 x Audio 3.5mm";"4 ms";30dB;Nee;"23x21x13 cm";"70 inch";"200 inch";"3,4 Kg";"36 Maanden";"Eenvoudig mee te nemen";"Geen HDMI kabel meegeleverd"
162245451;"Optoma ZK551 - Native 4K - 5100 lumen ";;5055387669079;11937135;"Home Cinema & Zakelijk";"3840 x 2160    4K UHD";"5100 ANSI Lumen";"300.000:1 ";"1.4:1 – 2.24:1";DLP;30.000;"Horizontale en verticale keystone";"Nee (middels Dongle of Chromecast)";"16:9 - 16:10";"Inputs 2 x HDMI 2.0, 1 x Audio 3.5mm, 1 x 3D sync. Outputs 1 x Audio-out 3.5mm, 2 x USB-A power. 1.5A Control 1 x RS232, 1 x RJ45, 1 x 12V trigger.";"4 ms ";"27 dB";Ja;"27x21x10 cm";"70 inch";"300 inch";3,5Kg;"36 Maanden";"360 Graden Projectie en Veelzijdige Installatie Opties";"Geen HDMI kabel meegeleverd"
162263543;"Hisense PT1 - 4K UHD - 2500 lumen - UST Beamer";;6942351423012;;"Home Cinema";"3840 x 2160    4K UHD";"2500 ISO Lumen";"3.000:1 ";0,20:1;"TriChroma Laser";25.000;"Auto Keystone & Scherpstellen ";"Ja ";16:9;"2x HDMI 2.1 (with ALLM) and 1x HDMI 2.0 (with eARC/CEC)";"12 ms";"27 dB";Ja;"52x28x11 cm";"70 inch";"200 inch";"7,2 Kg";"36 Maanden";"Smooth Motion Technology - voor een ongelooflijk vloeiend beeld";test
162263954;"Epson EH-LS9000W - 4K UHD - 2200 lumen - HDR10+ Beamer";ls9000-Wit;8715946742724;EPS-V11HC13080;"Home Cinema";"3840 x 2160    4K UHD";"2400 ANSI Lumen";"2.500.000:1 ";"1,35 - 2,84 :1";"3LCD Laser";30.000;"verticale lens shift van ±96,3% en horizontale shift van ±24%";"Nee (middels Dongle of Chromecast)";16:9;"HDMI Ports. 2x HDMI 2.1 with eARC. 2x HDMI 2.1 with eARC. 2x HDMI 2.1 with eARC. 2x HDMI 2.1 with eARC.";"20 ms";"27 dB";Ja;"52x44x19 cm";"70 inch";"200 inch";"12,7 Kg";"36 Maanden";"Extreem hoge zwartwaarde";"Geen HDMI kabel meegeleverd"
162264101;"Epson EH-LS9000B - 4K UHD - 2200 lumen - HDR10+ Beamer ";ls9000-Zwart;8715946742717;11897475;"Home Cinema";"3840 x 2160    4K UHD";"2400 ANSI Lumen";"2.500.000:1 ";"1,35 - 2,84 :1";"3LCD Laser";30.000;"verticale lens shift van ±96,3% en horizontale shift van ±24%";"Nee (middels Dongle of Chromecast)";16:9;"HDMI Ports. 2x HDMI 2.1 with eARC. 2x HDMI 2.1 with eARC. 2x HDMI 2.1 with eARC. 2x HDMI 2.1 with eARC.";"20 ms";"27 dB";Ja;"52x44x19 cm";"70 inch";"200 inch";"12,7 Kg";"36 Maanden";"Extreem hoge zwartwaarde";"Geen HDMI kabel meegeleverd"
162264992;"Optoma HZ150X - Full HD - 5000 Lumen - Laser Beamer";;5055387669277;11855887;"Home Cinema & Zakelijk";"1920 x 1080 FULL HD";"2400 ANSI Lumen";"2.000.000:1 ";"1.13 - 1.47:1";Laser;30.000;"Horizontale en verticale keystone";Ja;"16:9 - 16:10";"2x HDMI 2.0 in. Mini Jack Audio out. USB-A in. RS232C";"4 ms";30dB;Ja;"27x21x10 cm";"70 inch";"200 inch";"3,4 Kg";"36 Maanden";"Veelzijdige aansluitmogelijkheden";"Geen HDMI kabel meegeleverd"
162298717;"Epson EB-994F - Full HD - 4100 lumen - Beamer";;8715946738086;11931110;"Kantoor, School en Thuis";"1920 x 1080 FULL HD";"4100 ANSI Lumen";"16.000:1 ";"1.30 – 2.09:1";3LCD;20.000;"Horizontale en verticale keystone";"Nee (middels Dongle of Chromecast)";"16:9 - 16:10";"two HDMI inputs, two VGA inputs (plus one VGA output), USB Type-A/B, ethernet (RJ-45), RS-232C control, composite video, and 3.5mm audio in/out/microphone jacks, supporting Miracast, AirPlay 2, and 5G Wi-Fi";"40 ms";30dB;Ja;"30x29x10 cm";"70 inch";"200 inch";"3,1 Kg";"36 Maanden";"Eenvoudig mee te nemen";"Geen HDMI kabel meegeleverd"
162298996;"JVC DLA-NZ500BE - Native 4K - 2000 lumen - Beamer";NZ500-Zwart;4975769481772;"JVC NZ500BE";"High End Home Cinema";"3840 x 2160    Native 4K UHD";"2000 ANSI Lumen";"oneindig :1";"1,34 - 2,14 :1";"LCoS (SXRD/D-ILA)";30.000;"	Verticale lens shift	-70% / +70% Horizontale lens shift	-28% / +28%";"Nee (middels Dongle of Mediaplayer)";16:9;"two 32 Gbps HDMI 2.1 inputs (supporting 4K60P, HDCP 2.3), a LAN port for network control, and a USB port for firmware updates. It is optimized for HDR10/HDR10+ with 48Gbps";"30 ms";"24 dB";Ja;"45 x 47,9 x 18,1 cm";"70 inch";"200 inch";"14,6 Kg";"36 Maanden";"Volledig gemotoriseerde lens met Oneindig:1 contrast ";Geen
162299169;"JVC DLA-NZ500WE - Native 4K - 2000 lumen - Beamer ";NZ500-Wit;4975769481789;"JVC NZ500WE";"High End Home Cinema";"3840 x 2160    Native 4K UHD";"2000 ANSI Lumen";"oneindig :1";"1,34 - 2,14 :1";"LCoS (SXRD/D-ILA)";30.000;"	Verticale lens shift	-70% / +70% Horizontale lens shift	-28% / +28%";"Nee (middels Dongle of Mediaplayer)";16:9;"two 32 Gbps HDMI 2.1 inputs (supporting 4K60P, HDCP 2.3), a LAN port for network control, and a USB port for firmware updates. It is optimized for HDR10/HDR10+ with 48Gbps";"30 ms";"24 dB";Ja;"45 x 47,9 x 18,1 cm";"70 inch";"200 inch";"14,6 Kg";"36 Maanden";"Volledig gemotoriseerde lens met Oneindig:1 contrast ";Geen
162548679;"Optoma ZU1100 - WUXGA HDR - 11500 Lumen - Verwisselbare Lenzen";;5055387666320;7688327;"Grote Zalen en Evenementen";"1920 x 1200 WUXGA + 4K comp.";"11.500 ANSI Lumen";"2.000.000:1 ";"Afhankelijk van type lens";"Laser lichtbron met lange levensduur (30.000 uur)";30.000;"Keystone horizontal: ±20º; Keystone vertical: ±20º";"Integrated Warping and Edge Blending + Gratis OMS Software ";"Compatible Aspect Ratios: 4:3, 16:9, and 16:10";"Inputs 2 x HDMI 2.0, 1 x 3D sync, 1 x DVI-D, 1 x HDBaseT, 1 x 3G-SDI, 1 x 12V trigger Outputs 1 x 3D sync, 1 x HDMI, 1 x USB-A power 2A Control 1 x RS232, 1 x Wired remote, 1 x RJ45";"52 ms";"35 dB";Nee;"48x52x20 cm";"70 inch";"300 inch";"21 Kg";"60 Maanden";"Verwisselbare lenzen voor veelzijdige installatie opties";"Standaard zonder lens"
162550538;"Optoma ZU1300 - 4K HDR - 14500 Lumen - Verwisselbare Lenzen ";;5055387666337;;"Grote Zalen en Evenementen";"1920 x 1200 WUXGA + 4K comp.";"14.500 ANSI Lumen";"2.000.000:1 ";"Afhankelijk van type lens";"Laser lichtbron met lange levensduur (30.000 uur)";30.000;"Keystone horizontal: ±20º; Keystone vertical: ±20º";"Integrated Warping and Edge Blending + Gratis OMS Software ";"Compatible Aspect Ratios: 4:3, 16:9, and 16:10";"Inputs 2 x HDMI 2.0, 1 x 3D sync, 1 x DVI-D, 1 x HDBaseT, 1 x 3G-SDI, 1 x 12V trigger Outputs 1 x 3D sync, 1 x HDMI, 1 x USB-A power 2A Control 1 x RS232, 1 x Wired remote, 1 x RJ45";"52 ms";"35 dB";Nee;"48x52x20 cm";"70 inch";"300 inch";"21 Kg";"60 Maanden";"Verwisselbare lenzen voor veelzijdige installatie opties";"Standaard zonder lens"
162686894;"Optoma ZK1000 - 4K HDR - 10000 Lumen - Verwisselbare Lenzen ";;5055387600379;;"Grote Zalen en Evenementen";"3840 x 2160  Native 4K UHD";"10.000 ANSI Lumen";"4.000.000:1 ";"Afhankelijk van type lens";"Laser lichtbron met lange levensduur (30.000 uur)";30.000;"Keystone horizontal: ±20º; Keystone vertical: ±20º";"Integrated Warping and Edge Blending + Gratis OMS Software ";"Compatible Aspect Ratios: 4:3, 16:9, and 16:10";"Inputs 2 x HDMI 2.0, 1 x 3D sync, 1 x DVI-D, 1 x HDBaseT, 1 x 3G-SDI, 1 x 12V trigger Outputs 1 x 3D sync, 1 x HDMI, 1 x USB-A power 2A Control 1 x RS232, 1 x Wired remote, 1 x RJ45";"52 ms";"35 dB";Nee;"48x52x20 cm";"70 inch";"300 inch";"21 Kg";"60 Maanden";"Verwisselbare lenzen voor veelzijdige installatie opties";"Standaard zonder lens"
162688073;"Optoma ZK1120 - 4K HDR - 11000 Lumen - Verwisselbare Lenzen  ";;5055387668805;;"Grote Zalen en Evenementen";"3840 x 2160  Native 4K UHD";"11.000 ANSI Lumen";"4.000.000:1 ";"Afhankelijk van type lens";"Laser lichtbron met lange levensduur (30.000 uur)";30.000;"Keystone horizontal: ±20º; Keystone vertical: ±20º";"Integrated Warping and Edge Blending + Gratis OMS Software ";"Compatible Aspect Ratios: 4:3, 16:9, and 16:10";"Inputs 2 x HDMI 2.0, 1 x 3D sync, 1 x DVI-D, 1 x HDBaseT, 1 x 3G-SDI, 1 x 12V trigger Outputs 1 x 3D sync, 1 x HDMI, 1 x USB-A power 2A Control 1 x RS232, 1 x Wired remote, 1 x RJ45";"52 ms";"35 dB";Nee;"48x52x20 cm";"70 inch";"300 inch";"21 Kg";"60 Maanden";"Verwisselbare lenzen voor veelzijdige installatie opties";"Standaard zonder lens"
162688186;"Optoma ZK1320 - 4K HDR - 13500 Lumen - Verwisselbare Lenzen   ";;5055387668836;;"Grote Zalen en Evenementen";"3840 x 2160  Native 4K UHD";"13.500 ANSI Lumen";"4.000.000:1 ";"Afhankelijk van type lens";"Laser lichtbron met lange levensduur (30.000 uur)";30.000;"Keystone horizontal: ±20º; Keystone vertical: ±20º";"Integrated Warping and Edge Blending + Gratis OMS Software ";"Compatible Aspect Ratios: 4:3, 16:9, and 16:10";"Inputs 2 x HDMI 2.0, 1 x 3D sync, 1 x DVI-D, 1 x HDBaseT, 1 x 3G-SDI, 1 x 12V trigger Outputs 1 x 3D sync, 1 x HDMI, 1 x USB-A power 2A Control 1 x RS232, 1 x Wired remote, 1 x RJ45";"52 ms";"35 dB";Nee;"48x52x20 cm";"70 inch";"300 inch";"21 Kg";"60 Maanden";"Verwisselbare lenzen voor veelzijdige installatie opties";"Standaard zonder lens"
162689332;"Huurbeamer: Epson EH-LS650W - 4K - 3600 ANSI Lumen ";;8715946718446;;"Home Cinema";"3840 x 2160    4K UHD";"3600 ANSI Lumen";"2.500.000:1 ";"0,25 - 0,62:1 ";Laser;30.000;"Geometric correction";✅;16:9;"HDMI 2.0 (x2; HDMI 2 eARC; HDCP 2.3) - USB 2.0 type A (x2; 5V/1.5A power delivery/service) - USB 2.0 type A (2A power delivery) - Micro USB (service) - S/PDIF (Optical output)";24ms;27dB;Ja;"46x40x14 cm";"70 inch";"200 inch";"7,2 Kg";"36 Maanden";"Ingebouwde Yamaha Soundbar";"Geen HDMI kabel meegeleverd"
162761244;"Optoma ZK810TST - Native 4K - 8600 Lumen";;5055387667969;;"Grote Zalen en Evenementen";"3840 x 2160    4K UHD";"8600 ANSI Lumen";"3.000.000:1 ";"0.65:1 - 0.75:1";"DLP Laser";30.000;"Horizontale en verticale keystone";"Nee (middels Dongle of Mediaplayer)";"16:9 - 16:10";"IN: 2 x HDMI/1.4a 3D/ 2.0/ VGA /Audio 3.5mm/12V trigger/ HDBaseT/3D sync  OUT: HDMI 1.4a 3D/ Audio 3.5mm/ USB-B service/ RJ45/ Wired remote";"4,2 ms";"36 dB";"Ja (Apps middels Dongle of Chromecast)";"48x43x19 cm";"70 inch";"400 inch";"15 Kg";"36 Maanden";"Hoog aantal lumen 8600";"Vrij zwaar"
162828327;"Optoma ZK810T - Native 4K - 8600 Lumen";;5055387667785;;"Grote Zalen en Evenementen";"3840 x 2160    4K UHD";"8600 ANSI Lumen";"3.000.000:1 ";"1.26:1 - 2:1";"DLP Laser";30.000;"Horizontale en verticale keystone";"Nee (middels Dongle of Mediaplayer)";"16:9 - 16:10";"IN: 2 x HDMI/1.4a 3D/ 2.0/ VGA /Audio 3.5mm/12V trigger/ HDBaseT/3D sync  OUT: HDMI 1.4a 3D/ Audio 3.5mm/ USB-B service/ RJ45/ Wired remote";"4,2 ms";"36 dB";"Ja (Apps middels Dongle of Chromecast)";"48x43x19 cm";"70 inch";"400 inch";"15 Kg";"36 Maanden";"Hoog aantal lumen 8600";"Vrij zwaar"
162828525;"Optoma ZK608TST - 4K UHD - 6000 lumen - Laser";;5055387667808;;"Grote Zalen en Kantoren";"3840 x 2160    True 4K UHD";"6000 ANSI Lumen";"300.000:1 ";0.58:1;Laser;30.000;"Horizontale en verticale keystone";"Ja (Apps middels Dongle of Chromecast)";"16:9 - 16:10";"Inputs:HDMI 2.0: 2 x HDMI 2.0 (Supports 4K, HDCP 2.2, MHL 2.1)VGA: 2 x VGA (D-sub 15-pin)Audio: 2 x 3.5mm Stereo JackControl/Network: 1 x HDBaseT (4K), 1 x RJ45 (LAN), 1 x RS232USB: 1 x USB-A 2.0 (5V/1.5A power)Outputs:HDMI: 1 x HDMI 2.0Audio: 1 x 3.5mm S";"4,2 ms";30dB;Ja;"37x30x12 cm";"70 inch";"400 inch";"6,5 Kg";"36 Maanden";"HDBaseT- en Ethernet-poorten voor nog betere integratie";"Geen HDMI kabel meegeleverd"
162829411;"Optoma ZK708T - 4K UHD - 7000 lumen - Laser";;5055387667792;;"Grote Zalen en Kantoren";"3840 x 2160    4K UHD";"7000 ANSI Lumen";"300.000:1 ";"1.2:1 - 1.92:1";Laser;30.000;"Horizontale en verticale keystone";"Ja (Apps middels Dongle of Chromecast)";"16:9 - 16:10";"IN: 2 x HDMI/1.4a 3D/ 2.0/ VGA /Audio 3.5mm/12V trigger/ HDBaseT/3D sync  OUT: HDMI 1.4a 3D/ Audio 3.5mm/ USB-B service/ RJ45";"4,2 ms";"27 dB";Ja;"37x30x12 cm";"70 inch";"400 inch";"6,3 Kg";"36 Maanden";"Geïntegreerde stereoluidsprekers";"Geen HDMI kabel meegeleverd"
162830043;"Optoma ZH521 - Full HD - 5500 lumen - Laser";;5055387669628;13149451;"Kantoor, School en Thuis";"1920 x 1080 FULL HD";"5500 ANSI Lumen";"2.000.000:1 ";"1.13:1 ~ 1.47:1";laser;30.000;"Horizontale en verticale keystone";"Nee (middels Dongle of Chromecast)";"16:9 - 16:10";"HDMI 2x / VGA / Composite / Audio / RS232 / RJ45 / 2x USB-A Power";"4,2 ms";"28 dB";Ja;"26x27x16 cm";"70 inch";"200 inch";6,5Kg;"60 Maanden";"Hoog aantal lumen voor overdag gebruik";"Geen HDMI kabel meegeleverd"
162830353;"Optoma HZ151X - Full HD - 5000 Lumen - Laser Beamer ";;5055387600553;13149449;"Home Cinema & Zakelijk";"1920 x 1080 FULL HD";"2400 ANSI Lumen";"2.000.000:1 ";"1.13 - 1.47:1";Laser;30.000;"Horizontale en verticale keystone";Ja;"16:9 - 16:10";"2x HDMI 2.0 in. Mini Jack Audio out. USB-A in. RS232C";"4 ms";30dB;Ja;"27x21x10 cm";"70 inch";"200 inch";"3,4 Kg";"36 Maanden";"Veelzijdige aansluitmogelijkheden";"Geen HDMI kabel meegeleverd"
162830482;"Optoma HZ41HDR - Full HD - 4400 ANSI - Laser Projector ";;5055387600607;13166549;"Home Cinema & Gamen";"1920 x 1080 FULL HD";"4400 ANSI Lumen";"2.000.000:1 ";"1.48:1 ~ 1.62:1";Laser;30.000;"Horizontaal 30 °,  Verticaal 30 °.";⛔;16:9;"Inputs 2 x HDMI 2.0. Outputs 1 x Audio 3.5mm, 1 x USB-A power 1.5A. Control 1 x RS232";"4,2 ms";30dB;"Nee (middels Dongle of Chromecast)";"27x21x11 cm";"70 inch";"200 inch";"3,0 Kg";"36 Maanden";"HDR voor levendige beelden ";"Geen HDMI kabel meegeleverd"
162843436;"Epson EB-L795SE - WUXGA - 7000 lumen - Short Throw";;8715946737942;EPS-V11HB26140;"Grote Zalen en Kantoren";"1920 x 1200 WUXGA";"7000 ANSI Lumen";"5.000.000:1 ";"0.79 - 1.36:1";"3LCD Laser";30.000;"Horizontale en verticale keystone";"Nee (middels Dongle of Chromecast)";16:10;"2× HDMI (HDCP 2.3), 1× HDBaseT, 1× HDMI uitgang, 1× audio out (3.5 mm jack), RJ-45 Ethernet (LAN), WiFi (802.11 a/b/g/n/ac), Miracast, Apple AirPlay 2, RS-232C, 2× USB-A, 1× USB-B";"20 ms";"26 dB";Ja;"44x36x15 cm";"70 inch";"400 inch";"9,3 Kg";"60 Maanden";"Edge blending en warping voor creatieve toepassingen";"Geen HDMI kabel meegeleverd"
163039718;"Hisense C3 - 4K UHD - 2500 lumen - Triple Laser Beamer";;6942351427010;c3;"Home Cinema & Smart TV";"3840 x 2160    4K UHD";"2500 ANSI Lumen";"2.000:1 ";"1.0 - 1.3 :1";"Triple Laser";"30.000 uur";"Horizontale en verticale keystone";Ja;16:9;"HDMI, USB-A, USB-C, audio out (3.5 mm jack), Ethernet (LAN), WiFi, Bluetooth";"40 ms";30dB;Ja;"24,6 x 24,6 x 25,2 cm";"70 inch";"200 inch";"5,3 Kg";"24 Maanden";"IMAX Enhanced en Dolby Vision";"Geen HDMI kabel meegeleverd"
163057243;"Optoma HZ146X-W - Full HD - 3800 lumen - Huurbeamer";;5055387668201;;"Home Cinema & Kantoor";"1920 x 1080 FULL HD";"3800 Lumen";"2.000.000:1 ";"1,48 - 1,62:1 ";Laser;30.000;"Horizontaal 30 °,  Verticaal 30 °.";"Nee (middels Dongle of Chromecast)";16:9;"2 x HDMI 2.0 Outputs 1 x Audio 3.5mm, 1 x USB-A Power 1.5A Control 1 x RS232";"8,6 ms";"30 / 27dB (Eco)";"Nee (middels Dongle of Chromecast)";"27x21x11 cm";"70 inch";"200 inch";3,5Kg;"2 jaar garantie op de beamer. ";"34% Lichter voor een Kleine Ecologische Afdruk";"Geen dongle meegeleverd"
163358989;"XGIMI MoGo 4 Laser Outdoor Pack- Full HD - LASER - 550 Lumen ";6935670508058;;WK03K-1;"Home Cinema & Onderweg";"1920 x 1080 FULL HD";"550 ISO Lumen";"1.000:1 ";1.2:1;"LED-lichtbron met lange levensduur tot 30.000 uur";30.000;"Horizontale en verticale keystone";Ja;16:9;"HDMI (ARC) and USB-A, plus USB-C with Power Delivery";"22 ms";30dB;Ja;"20x09x09 cm";"70 inch";"200 inch";"1,3 Kg";"36 Maanden";"Strak design";"Niet geschikt voor in de zon"
163501839;"Optoma UHZ36STe - 4K - 4000 Lumen - Short Throw - Zwart ";;5055387669734;13231660;"Home Cinema & Gamen";"3840 x 2160    4K UHD";"4000 ANSI Lumen";"500.000:1 ";0.496:1;Laser;30.000;"Horizontale en verticale keystone";-;"16:9 - 16:10";"2× HDMI 2.0 (waarvan 1× met eARC/ARC), 2× USB-A (voeding/service), RJ-45 (LAN), RS-232, 3,5 mm audio-uitgang, 12V Trigger.";"4,2 ms";30dB;Ja;"27x21x11 cm";"70 inch";"250 inch";"2,9 Kg";"24 Maanden";"Korte projectieafstand";"Apps middels Google Streamer "
163503961;"Optoma UHZ67 - 4K - 4300 lumen - Laser Projector ";;5055387669727;13239428;"Home Cinema & Kantoor";"3840 x 2160    4K UHD";"4300 ANSI Lumen";"500.000:1 ";"1.4 – 2.24 : 1";Laser;30.000;"horizontaal + verticaal, +/-30°.";⛔;16:9;"2x HDMI 2.0 input - 1.5A USB Type A - 3.5mm stereo minijack output - RS-232C ";"4,4 ms";"28 dB";"Nee (middels Dongle of Chromecast)";"27x21x11 cm";"70 inch";"200 inch";"3,0 Kg";"36 Maanden";"Milieu vriendelijk ontwerp";"Geen HDMI kabel meegeleverd"
163514174;"Optoma ZH420 - Full HD - 4300 Lumen - Laser ";;5055387666801;8396636;"Kantoor, School en Thuis";"1920 x 1080 FULL HD";"4300 ANSI Lumen";"300.000:1 ";"1.12 – 1.47 : 1";"Laser lichtbron met lange levensduur (30.000 uur)";30.000;"Horizontale en verticale keystone";"Nee (middels Dongle of Mediaplayer)";"16:9 - 16:10";"2× HDMI 2.0, USB-A (1.5A voeding), 3,5 mm audio-uitgang, RS-232, RJ-45 (LAN)";"4,2 ms";30dB;Ja;"26x27x16 cm";"70 inch";"200 inch";"3,5 Kg";"24 Maanden";"Hoog aantal lumen voor overdag gebruik";"Apps middels Google Streamer "
163514316;"JMGO N3 4K - 1800 ISO Lumen - Triple Laser";;6959422616150;"JMGO N3 4K";"Home Cinema & Smart TV";"3840 x 2160    4K UHD";"1800 ISO Lumen";"1.000.000:1 ";"1 - 1,3 :1";"Triple Laser";30.000;"Auto Keystone & Scherpstellen ";Ja;"16:9 - 21:9";"2× HDMI, USB-A, 3,5 mm audio-uitgang, WiFi 6, Bluetooth 5.2";"20 ms";"26 dB";Ja;"26x27x16 cm";"70 inch";"250 inch";"3,6 Kg";"24 Maanden";"Auto Keystone & Scherpstellen ";Design
163514699;"JMGO N3 Ultimate - 5800 ISO Lumen - 5.0 Triple Laser ";;6959422616365;"JMGO N3 Ultimate";"Home Cinema & Smart TV";"3840 x 2160    4K UHD";"5800 ISO Lumen";"1.000.000:1 ";"0.88 – 1.7:1";"Triple Laser";30.000;"Auto Keystone & Scherpstellen ";Ja;"16:9 - 21:9";"2× HDMI, USB-A, 3,5 mm audio-uitgang, WiFi 6, Bluetooth 5.2";"1 ms";"26 dB";Ja;"26x27x16 cm";"70 inch";"250 inch";"3,6 Kg";"24 Maanden";"Auto Keystone & Scherpstellen ";Design
163515044;"Hisense XR10 - 4K UHD - 6000 Lumen - Triple Laser";;6942351440262;"XR10 ";"Home Cinema";"3840 x 2160    4K UHD";"6000 ANSI Lumen";"6.000:1 ";"0.84 – 2.0 : 1";"Triple Laser met AI Processor";30.000;"2.38x optische zoom ±65% verticale en ±23% horizontale lensshift";Ja;"16:9 - 21:9";"2× HDMI 2.1 (waarvan 1× eARC), USB 3.0, RJ-45 (Gigabit LAN), WiFi 7, Bluetooth 5.4";"4,8 ms";"26 dB";Ja;"29x27x19 cm";"70 inch";"400 inch";"10 Kg";"36 Maanden";"2.38x optische zoom ±65% verticale en ±23% horizontale lensshift";Geen
163515777;"Hisense PX4 Pro - 4K UHD - 3500 ANSI Lumen";;;;"Home Cinema & Gamen";"3840 x 2160    4K UHD";"3500 ANSI Lumen";6.500:1;"0.20:1 Ultra Short Throw";"DLP TriChroma RGB Triple Laser";"25.000 uur";"Automatische geometrische correctie en autofocus";"VIDAA U9, streamingapps, AirPlay 2";16:9;"2× HDMI 2.1, 1× HDMI 2.0 (eARC), USB, RJ-45 (LAN), WiFi 6E, Bluetooth 5.3, Optische audio-uitgang";"Vanaf 1 ms bij 2K/240Hz";"31 dB";Ja;"55x29x12 cm";"80 inch";"200 inch";"8,3 kg";"24 Maanden";"Krachtig Devialet 4.0.2 audiosysteem met Dolby Atmos";"Voor de beste beeldkwaliteit adviseren wij een UST ALR-projectiescherm"
163518442;"Optoma UHZ78LV - 4K UHD - 5000 lumen - Laser ";;5055387669109;12246241;"High End Home Cinema";"3840 x 2160    4K UHD";"5000 ANSI Lumen";"4.500.000:1 ";"1.25 – 2.0 : 1";"Laser lichtbron met lange levensduur (30.000 uur)";30.000;"Horizontale en verticale keystone";"Nee (middels Dongle of Chromecast)";;"1× HDMI 2.1, 2× HDMI 2.0 (waarvan 1× eARC), 3× USB-A, RJ-45 (LAN), RS-232, 2× 12V Trigger, 3D Sync, 3,5 mm audio-uitgang, S/PDIF (optische audio)";"14 ms";30dB;Ja;"486 × 432 × 176 mm";"70 inch";"300 inch";11,5Kg;"36 Maanden";"Hoog aantal lumen voor overdag gebruik";"Vrij zwaar"
163563014;"Epson EB-L690SU - WUXGA - 6200 lumen - Short Throw";;8715946738000;EPS-V11HB31040;"Grote Zalen en Evenementen";"1920 x 1200 WUXGA";"6200 ANSI Lumen";"5.000.000:1 ";"0.79 – 1.36 : 1";3LCD;30.000;"Horizontale en verticale keystone";"Nee (middels Dongle of Chromecast)";"16:9 - 16:10";"2× HDMI (HDCP 2.3), HDMI-uitgang, HDBaseT, 2× USB-A, USB-B (service), RJ-45 (LAN), WiFi (IEEE 802.11a/b/g/n), RS-232C, 3,5 mm audio-uitgang, Miracast, Apple AirPlay 2, NFC";"104 ms";"28 dB";Nee;"44x36x15 cm";"70 inch";"400 inch";"8,9 Kg";"24 Maanden";"Korte projectieafstand";"Geen HDMI kabel meegeleverd"
163563143;"Epson EB-L695SU - WUXGA - 6200 lumen - Short Throw ";;8715946738017;EPS-V11HB31140;"Grote Zalen en Evenementen";"1920 x 1200 WUXGA";"6200 ANSI Lumen";"5.000.000:1 ";"0.79 – 1.36 : 1";3LCD;30.000;"Horizontale en verticale keystone";"Nee (middels Dongle of Chromecast)";"16:9 - 16:10";"2× HDMI (HDCP 2.3), HDMI-uitgang, HDBaseT, 2× USB-A, USB-B (service), RJ-45 (LAN), WiFi (IEEE 802.11a/b/g/n), RS-232C, 3,5 mm audio-uitgang, Miracast, Apple AirPlay 2, NFC";"104 ms";"28 dB";Nee;"44x36x15 cm";"70 inch";"400 inch";"8,9 Kg";"24 Maanden";"Korte projectieafstand";"Geen HDMI kabel meegeleverd"
163563311;"Epson EB-L690U - WUXGA - 6500 lumen - Normal Throw ";;8715946737980;EPS-V11HB29040;"Grote Zalen en Evenementen";"1920 x 1200 WUXGA";"6500 ANSI Lumen";"5.000.000:1 ";"1.35 – 2.20 : 1";3LCD;30.000;"Horizontale en verticale keystone";"Nee (middels Dongle of Chromecast)";"16:9 - 16:10";"2× HDMI (HDCP 2.3), HDMI-uitgang, HDBaseT, 2× USB-A, USB-B (service), RJ-45 (LAN), WiFi (IEEE 802.11a/b/g/n), RS-232C, 3,5 mm audio-uitgang, Miracast, Apple AirPlay 2, NFC";"104 ms";"28 dB";Nee;"44x36x15 cm";"70 inch";"400 inch";"8,9 Kg";"24 Maanden";"Normale projectieafstand ";"Geen HDMI kabel meegeleverd"
163563416;"Epson EB-L790U - WUXGA - 7300 Lumen - Normal Throw";;8715946737973;EPS-V11HB28040;"Zakelijk, educatief, grote zalen, musea, evenementen";"WUXGA (1920×1200)";"7.300 ANSI Lumen";2.500.000:1;"1,35 – 2,20";"3LCD laser";"20.000 uur (normaal), 30.000 uur (Eco)";"Verticale en horizontale keystone-correctie, geometriecorrectie, edge blending";"AirPlay 2, Miracast, NFC, Epson Projector Professional Tool, cloudbeheer (EPMC)";"16:10 (ondersteunt ook 16:9, 16:6, 21:9)";"HDMI, HDBaseT, Wi-Fi 6, USB, LAN, Audio In/Out";n.v.t.;"25 dB (Eco), 34 dB (normaal)";"Ja (Wi-Fi 6)";"44x30x12 cm";"70 inch";"200 inch";"7,4 Kg";"36 Maanden  of 12.000 uur (lichtbron), afhankelijk van wat het eerst wordt bereikt";"Flexibele installatie met lens shift en 1,6× zoom";"Geen native 4K-resolutie"
163563458;"Epson EB-L890U - WUXGA - 8000 Lumen - Normal Throw ";;8715946737959;EPS-V11HB27040;"Grote Zalen en Evenementen";"1920 x 1200 WUXGA";"8000 ANSI Lumen";"3.000.000:1 ";"1.35 : 1 tot 2.2 : 1";"3LCD Laser";30.000;"Horizontale en verticale keystone";"Ja (Apps middels Dongle of Chromecast)";"16:9 - 16:10";"Audio, 1 x 10W ; Connections, 2x HDMI in und 1x out. Mini Jack Audio out. USB in. RS232C Din 9 pin in. RJ45 in HDBaseT";"22 ms";"32 dB";Ja;"44x34x14 cm";"70 inch";"200 inch";"8,4 Kg";"36 Maanden";"Zeer krachtige 8.000 ANSI lumen";"Geen HDMI kabel meegeleverd"
163563475;"Epson EB-L895U - WUXGA - 8000 Lumen - Normal Throw  ";;8715946737966;EPS-V11HB27140;"Grote Zalen en Evenementen";"1920 x 1200 WUXGA";"8000 ANSI Lumen";"3.000.000:1 ";"1.35 : 1 tot 2.2 : 1";"3LCD Laser";30.000;"Horizontale en verticale keystone";"Ja (Apps middels Dongle of Chromecast)";"16:9 - 16:10";"Audio, 1 x 10W ; Connections, 2x HDMI in und 1x out. Mini Jack Audio out. USB in. RS232C Din 9 pin in. RJ45 in HDBaseT";"22 ms";"32 dB";Ja;"44x34x14 cm";"70 inch";"200 inch";"8,4 Kg";"36 Maanden";"Zeer krachtige 8.000 ANSI lumen";"Geen HDMI kabel meegeleverd"
163573384;"Optoma ZH401e - Full HD - 4600 Lumen - Laser";;5055387669468;12541091;"Kantoor, School en Thuis";"1920 x 1080 FULL HD";"4600 ANSI Lumen";"2.000.000:1 ";"1.48 – 1.62 : 1";Laser;30.000;"±30° horizontaal / ±30° verticaal";"Nee (middels Dongle of Chromecast)";"16:9 - 16:10";"2× HDMI 2.0, VGA, 3,5 mm audio-ingang, 3,5 mm audio-uitgang, 2× USB-A (voeding), RJ-45 (LAN), RS-232, 12V Trigger, 3D Sync";"16 ms";"30 dB";"Nee (middels Dongle of Chromecast)";"27x21x11 cm";"70 inch";"200 inch";"2,9 Kg";"24 Maanden";"Scherp Beeld -  Full HD";Geen
163574081;"Hisense M2 Pro - 4K - 1300 Lumen - TriChroma Laser ";;6942351423036;"m2 pro";"Home Cinema & Onderweg";"3840 x 2160    4K UHD";"1300 ANSI Lumen";"1.000:1 ";"1.0 – 1.3 : 1";"TriChroma Laser";30.000;"Auto Keystone & Scherpstellen ";Ja;"16:9 - 16:10";"HDMI (eARC), USB-A, USB-C, 3,5 mm audio-uitgang, WiFi, Bluetooth, Ethernet (LAN)";"12 ms";"28 dB";Ja;"19x23x21 cm";"70 inch";"200 inch";"3,9 Kg";"24 Maanden";"1300 lumen TriChroma RGB Triple Laser";"Niet geschikt voor in de zon"
163576030;"Optoma Photon PK52 - 4K -3500 lumen - Laser beamer - Retourdeal – Getest, compleet en in nieuwstaat!";;5055387668980;" 12246242";"Home Cinema";"3840 x 2160    4K UHD";"3500 ANSI Lumen";"1.500.000:1 ";" 1.21:1 ~ 1.59:1";Laser;20.000;"Horizontale en verticale keystone";"Nee (middels Dongle of Chromecast)";16:9;"Inputs 2 x HDMI 2.0. Outputs 1 x USB-A power 1.5A, 1 x Audio 3.5mm";"4 ms";30dB;Nee;"23x21x13 cm";"70 inch";"200 inch";"3,4 Kg";"36 Maanden";"Eenvoudig mee te nemen";"Geen HDMI kabel meegeleverd"
163578550;"ViewSonic LS921WU - Full HD - 6000 lumen - Short Throw ";;766907008739;000000000005140509;"Grote Zalen en Evenementen";"1920 x 1080 FULL HD";"6000 ANSI Lumen";"3.000.000:1 ";"0.81 – 0.89 : 1";DLP;20.000;"±40° horizontaal / ±40° verticaal";"Nee (middels Dongle of Chromecast)";"16:9 - 16:10";"2× HDMI 2.0b (HDCP 2.2), HDBaseT, VGA-ingang, VGA-uitgang, Composite Video, S-Video, USB-A, RJ-45 (LAN), RS-232, 3,5 mm audio-ingang, RCA audio-ingang (L/R), 3,5 mm audio-uitgang, 12V Trigger, 3D VESA Sync";"16 ms";"30 dB";"Nee (middels Dongle of Chromecast)";"40x13x14 cm";"70 inch";"200 inch";"6,5 Kg";"24 Maanden";"HDBaseT voor professionele AV-installaties";"2x 10W speakers laten te wensen over"
163604694;"AWOL Vision Aetherion Pro - 4K UHD - 2600 lumen - Ultra Short Throw";;0850076971045;"AETHERION PRO";"Home Cinema & Gamen";"3840 x 2160    4K UHD";"2600 ANSI Lumen";"6.000:1 ";"0.20 : 1";Laser;30.000;"Auto Keystone & Scherpstellen ";Ja;16:9;;"1 ms";"27 dB";Ja;"562 × 323 × 139,5 mm";"70 inch";"250 inch";"8,7 Kg";"36 Maanden";"4K gaming met HDMI 2.1, VRR en ALLM en Input lag vanaf 1 ms";"Geen HDMI kabel meegeleverd"
163606479;"Optoma Photon Life PK31 – 4K UHD – 900 ANSI lumen – LED Projector - Retourdeal!";11897414;5055387668966;11897414;"Home Cinema en onderweg";"3840 x 2160    4K UHD";"900 ANSI Lumen";2.500.000:1;1,5–1,65:1;"DLP® met RGB LED";"30.000 uur";"Horizontaal & verticaal (±40°), handmatige zoom (1.1x)";"Nee (externe media via HDMI/USB)";16:9;"HDMI, USB, 3,5 mm audio-uitgang";N.v.t;32dB;"Nee (wel extern via dongle)";"24x22x12 cm";"70 inch";"200 inch";2,2Kg;"24 Maanden";;"Geen ingebouwd smart platform (apps alleen via externe bron)"
163717975;"XGIMI MIRA - 4K UHD - 2000 ISO Lumen - Ultra Short Throw";;6935670515186;XP03C;"Home Cinema & Smart TV";"3840 x 2160    4K UHD";"2000 ISO Lumen";"20.000:1 (DBLE On)";"0.175:1 Ultra Short Throw";"DLP RGB Triple Laser";30.000;"Automatische keystone-correctie (ISA 5.0 voor UST)";"Google TV & Google Cast";16:9;"3× HDMI (waarvan 1× eARC), 2× USB, LAN, Optical Out, Audio Out";"1 ms bij 1080p @ 240 Hz - Ca. 16 ms bij 4K @ 60 Hz in Game Mode";"27 dB";"Ja, WiFi 6";"464 × 122 × 268 mm";"80 inch";"120 inch";"4,8 kg";"24 Maanden";"Ideaal voor films, sport en gaming als grootformaat TV-vervanger";"Geen HDMI kabel meegeleverd"
163751347;"XGIMI Elfin Flip 4K - 1600 ISO Lumen - Triple Laser";;6935670514905;XM03U;"Home Cinema & Onderweg";"3840 x 2160    4K UHD";"1600 ISO Lumen";"20.000:1 ";"0.98:1 – 1.30:1";"Triple Laser";30.000;"Auto Keystone & Scherpstellen ";"Ingebouwde mediaspeler en apps";"16:9 - 16:10";"HDMI 2.1 (eARC) ×1, HDMI 2.1 ×1, USB 2.0 ×2, 3.5 mm Audio Out, DC-IN";"1 ms";"28 dB";Ja;"254 × 245 × 78 mm";"70 inch";"180 inch";"1,55 Kg";"24 Maanden";"Harman Kardon-speaker met Dolby Audio";"Geen Accu"
163762454;"Optoma ZK451 – 4K UHD – 4500 lumen – Laser Projector";;5055387669673;13239425;"Kantoor, School en Thuis";"3840 x 2160    4K UHD";"4500 ANSI Lumen";"300.000:1 ";"1.40 – 2.24:1";Laser;30.000;"Horizontaal ±30°, Verticaal ±30°";"Nee (middels Dongle of Chromecast)";"16:9 - 16:10";"HDMI 2.0 ×1, HDMI 2.0 (eARC) ×1, USB-A (Power 1.5A) ×2, Audio Out (3.5 mm), RJ45, RS232, 12V Trigger, 3D Sync";"4 ms";"28 dB";Ja;"274 × 216 × 114 mm";"70 inch";"200 inch";"2,9 Kg";"24 Maanden";"15 Watt ingebouwde speaker";"Geen HDMI kabel meegeleverd"
163762600;"Optoma ZH361 - Full HD - 4000 lumen - Laser Projector ";;5055387600591;13230983;"Kantoor & School";"1280 x 800 WXGA";"4000 ANSI Lumen";"2.000.000:1 ";"1.54:1 ~ 1.72:1";Laser;30.000;"1.1x zoom, automatische verticale keystone";⛔;16:10;"Inputs 2 x HDMI 1.4a 3D support. Outputs 1 x Audio 3.5mm, 1 x USB-A power 1.5A. Control 1 x RS232.";"4,2 ms";31dB;"Nee (middels dongle)";"27x22x11 cm";"70 inch";"200 inch";4,2Kg;"24 Maanden";"Laser lichtbron met lange levensduur (20.000 uur)";"Geen dongle meegeleverd"
163762978;"Optoma ZK521ST – 4K UHD – 5000 lumen – Short Throw ";;5055387669697;13239421;"Home Cinema & Zakelijk";"3840 x 2160    4K UHD";"5000 ANSI Lumen";"2.000.000:1 ";0.79:1;Laser;30.000;"Horizontaal ±15°, Verticaal ±15°";"Nee (middels Dongle of Chromecast)";"16:9 - 16:10";"HDMI 2.0 ×2, VGA In, USB-A 2.0 ×2 (Power), Audio Out (3.5 mm), RJ45, RS232, 12V Trigger, 3D Sync Out";"4K 60Hz  -16,7 ms, bij 1080p 120Hz - 8,6 ms.";"30 dB";Ja;"274 × 216 × 114 mm";"70 inch";"300 inch";"3,0 Kg";"36 Maanden";"Ideaal voor golfsimulators, presentaties en home cinema";"Geen HDMI kabel meegeleverd"
163763400;"Optoma ZK431ST – 4K UHD – 4100 lumen – Short Throw ";;5055387669680;13200095;"Home Cinema & Zakelijk";"3840 x 2160    4K UHD";"4100 ANSI Lumen";"2.000.000:1 ";0.496:1;laser;30.000;"Horizontaal ±15°, Verticaal ±15°";"Nee (middels Dongle of Chromecast)";"16:9 - 16:10";"HDMI 2.0 ×2, HDMI 2.0 (eARC) ×1, VGA In, USB-A (Power) ×2, Audio Out (3.5 mm), RJ45, RS232, 12V Trigger, 3D Sync Out";"8,6 ms";30dB;"Nee (middels Dongle of Chromecast)";"274 × 216 × 114 mm";"70 inch";"200 inch";"2,9 Kg";"36 Maanden";" Four Corner Correction";"Geen HDMI kabel meegeleverd"
163763547;"Optoma ZH521ST – Full HD – 5000 lumen – Short Throw ";;5055387669666;13231659;"Home Cinema & Zakelijk";"1920 x 1080 FULL HD";"5000 ANSI Lumen";"2.000.000:1 ";0.79:1;Laser;30.000;"Horizontaal ±15°, Verticaal ±15°";"Nee (middels Dongle of Chromecast)";"16:9 - 16:10";"HDMI 2.0 ×2, VGA In, USB-A 2.0 ×2 (Power), Audio Out (3.5 mm), RJ45, RS232, 12V Trigger, 3D Sync Out";"4K 60Hz  -16,7 ms, bij 1080p 120Hz - 8,6 ms.";"30 dB";Ja;"274 × 216 × 114 mm";"70 inch";"300 inch";"3,0 Kg";"36 Maanden";"Ideaal voor golfsimulators, presentaties en home cinema";"Geen HDMI kabel meegeleverd"
163763737;"Optoma ZH451ST – Full HD – 4200 lumen – Short Throw  ";;5055387669482;13192703;"Home Cinema & Zakelijk";"1920 x 1080 FULL HD";"4200 ANSI Lumen";"2.000.000:1 ";0.496:1;laser;30.000;"Horizontaal ±15°, Verticaal ±15°";"Nee (middels Dongle of Chromecast)";"16:9 - 16:10";"HDMI 2.0 ×2, HDMI 2.0 (eARC) ×1, VGA In, USB-A (Power) ×2, Audio Out (3.5 mm), RJ45, RS232, 12V Trigger, 3D Sync Out";"8,6 ms";30dB;"Nee (middels Dongle of Chromecast)";"274 × 216 × 114 mm";"70 inch";"200 inch";"2,9 Kg";"36 Maanden";" Four Corner Correction";"Geen HDMI kabel meegeleverd"
163763952;"Optoma ZK420UST – 4K UHD – 4200 lumen – Ultra Short Throw";;5055387668683;11784394;"Zakelijke doeleinden";"3840 x 2160    4K UHD";"4200 ANSI Lumen";"500.000:1 ";0.25:1;laser;30.000;"Horizontaal ±5°, Verticaal ±5°";"Nee (middels Dongle of Chromecast)";"16:9 - 16:10";"HDMI 2.0 ×1, HDMI 2.0 (eARC) ×1, USB-A (5V/1.5A) ×1, HDBaseT (4K) ×1, RJ45 ×1, RS232 ×1, Audio Out (3.5 mm) ×1, 3D Sync Out ×1";"16,9 ms";"28 dB";Nee;"327 × 328 × 85 mm";"70 inch";"200 inch";"4,5 Kg";"36 Maanden";"Ideaal voor professionele installaties en simulators";Design
163764959;"Optoma HZ147X – Full HD – 4000 lumen – Laser Projector";;5055387600614;13231661;"Thuis, kantoor, onderwijs en presentaties";"1920 x 1080 FULL HD";"4000 lumen";"2.500.000:1 dynamisch";"1.48 – 1.62:1";"DLP Laser";30.000;"Horizontaal ±30°, Verticaal ±30°";"Nee (middels Dongle of Chromecast)";"16:9 ";"HDMI 2.0 ×2, VGA In, Audio In (3.5 mm), Audio Out (3.5 mm), USB-A (Power 1.5A) ×3, RJ45, RS232, 12V Trigger, 3D Sync";;30dB;"Nee (middels Dongle of Chromecast)";"274 × 216 × 114 mm";"70 inch";"200 inch";"2,9 Kg";"36 Maanden";"Ideaal voor presentaties, home cinema en sport";"Geen ingebouwde smart functies, eenvoudig uit te breiden met een Google TV of mediaspeler."
163781312;"Optoma GT2200HDR - 4LED - Full HD – 3.500 lumen – Short Throw";;5055387669710;13149449;"Home Cinema, Zakelijk & Gamen";"1920 x 1080 FULL HD";"3500 ANSI Lumen";"500.000:1 ";"0.69 – 0.83:1";4LED;30.000;"Horizontale en verticale keystone";"Nee (middels Dongle of Chromecast)";"16:9 - 16:10";"HDMI 2.0 ×2, USB-A (5V/1.5A) ×1, Audio Out (3.5 mm) ×1, RS232 ×1";"4,3 ms (1080p 240Hz), 8,6 ms (1080p 120Hz), 16,9 ms (1080p 60Hz) Geluidsniveau: 27 dB (Eco) / 29 dB (Normaal)";"30 dB";Ja;"307 × 228 × 125 mm";"70 inch";"200 inch";"3,2 Kg";"36 Maanden";"HDR10 en HLG ondersteuning";"Geen 4k projector"
163781445;"Optoma UHZ36STe – 4K UHD – 4000 lumen – Short Throw";;5055387669734;13231660;"Home Cinema & Gamen";"3840 x 2160    4K UHD";"4000 ANSI Lumen";"2.000.000:1 ";0.496:1;"DLP laser";30.000;"Horizontaal ±30°, Verticaal ±30°";"Nee (middels Dongle of Chromecast)";"16:9 - 16:10";"HDMI 2.0 ×2, USB-A ×2, RJ45, RS232, Audio Out (3.5 mm), 12V Trigger, 3D Sync";"24,7 ms (4K 60Hz), 8,5 ms (1080p 120Hz), 15,2 ms (1080p 240Hz)";"28 dB";Nee;"274 × 216 × 114 mm";"70 inch";"200 inch";"3,1 Kg";"24 Maanden";"Ingebouwde 15 Watt speaker";"Vaste zoomafstand "
163781561;"Optoma UHZ58LV – 4K UHD – 3000 ISO lumen – Dual Laser Projector";;5055387669253;11897413;"Home Cinema & Gamen";"3840 x 2160    4K UHD";"3000 ISO Lumen";"3.000.000:1 ";"1.40 – 2.24:1";Laser;30.000;"Verticaal (+15%)";"Nee (middels Dongle of Chromecast)";"16:9 - 16:10";"HDMI 2.1 ×1, HDMI 2.0 ×2 (waarvan 1 met eARC), USB-A ×3, RJ45, RS232, Audio Out (3.5 mm), S/PDIF Optical, 12V Trigger, 3D Sync Out";"17,8 ms (4K 60Hz), 17,8 ms (1080p 60Hz), 12,4 ms (1080p 120Hz), 8,5 ms (1080p 240Hz)";"30 dB";"Ja (Apps middels Dongle of Chromecast)";"274 × 219 × 108 mm";"70 inch";"200 inch";"3,5 Kg";"36 Maanden";"1.6x optische zoom en verticale lens shift";"Geen HDMI kabel meegeleverd"
163781649;"Optoma UHZ67 – 4K UHD – 4300 lumen – Laser Projector";;5055387669727;13239428;"Home Cinema & Gamen";"3840 x 2160    4K UHD";"4300 ANSI Lumen";"500.000:1 ";"1.40 – 2.24:1";"DuraCore Laser";30.000;"Horizontaal ±30°, Verticaal ±30°";"Ja (Apps middels Dongle of Chromecast)";"16:9 - 16:10";"HDMI 2.0 ×1, HDMI 2.0 (eARC) ×1, USB-A (Power 1.5A) ×2, Audio Out (3.5 mm), RJ45, RS232, 12V Trigger, 3D Sync Out";"4,4 ms (1080p 240Hz), 8,6 ms (1080p 120Hz), 17 ms (4K 60Hz)";"30 dB";"Ja (Apps middels Dongle of Chromecast)";"274 × 216 × 114 mm";"70 inch";"200 inch";"2,9 Kg";"36 Maanden";"HDR10 en HLG ondersteuning";"Geen HDMI kabel meegeleverd"
163781732;"Optoma UHZ67-W – 4K UHD – 4300 lumen – Laser Projector ";;5055387669727;13239427;"Home Cinema & Gamen";"3840 x 2160    4K UHD";"4300 ANSI Lumen";"500.000:1 ";"1.40 – 2.24:1";"DuraCore Laser";30.000;"Horizontaal ±30°, Verticaal ±30°";"Ja (Apps middels Dongle of Chromecast)";"16:9 - 16:10";"HDMI 2.0 ×1, HDMI 2.0 (eARC) ×1, USB-A (Power 1.5A) ×2, Audio Out (3.5 mm), RJ45, RS232, 12V Trigger, 3D Sync Out";"4,4 ms (1080p 240Hz), 8,6 ms (1080p 120Hz), 17 ms (4K 60Hz)";"30 dB";"Ja (Apps middels Dongle of Chromecast)";"274 × 216 × 114 mm";"70 inch";"200 inch";"2,9 Kg";"36 Maanden";"HDR10 en HLG ondersteuning";"Geen HDMI kabel meegeleverd"
